2026-05-10 18:34:36,385 [INFO] [MainThread] [root/log.py:104]: YASB v2.0.0
2026-05-10 18:34:36,388 [INFO] [CLIPipeServer] [cli_server/cli_server.py:216]: CLI server started v1.1.7
2026-05-10 18:34:36,389 [INFO] [MainThread] [cli_server/cli_server.py:106]: Log pipe server started
2026-05-10 18:35:10,258 [INFO] [MainThread] [root/welcome.py:867]: Created config file at C:\Users\USER\.config\yasb\config.yaml
2026-05-10 18:35:10,260 [INFO] [MainThread] [root/welcome.py:876]: Created styles file at C:\Users\USER\.config\yasb\styles.css
2026-05-10 18:35:10,376 [WARNING] [MainThread] [deprecation/deprecation.py:133]: [DEPRECATED] BarAlignment: 'center' - Use 'align' instead.
2026-05-10 18:35:11,310 [INFO] [MainThread] [root/service.py:52]: AudioOutputService starting...
2026-05-10 18:35:11,656 [INFO] [MainThread] [root/bar_manager.py:102]: Starting WindowsNotificationEventListener...
2026-05-10 18:35:11,657 [INFO] [MainThread] [root/bar_manager.py:102]: Starting SystemEventListener...
2026-05-10 18:35:11,661 [INFO] [MainThread] [root/watcher.py:65]: Watching directory: c:\users\user\.config\yasb
2026-05-10 18:35:11,661 [INFO] [MainThread] [root/watcher.py:104]: Created file watcher
2026-05-10 18:35:11,855 [INFO] [MainThread] [root/update_service.py:434]: Background update checker started
2026-05-10 18:58:11,927 [INFO] [CLIPipeServer] [cli_server/cli_server.py:257]: CLI server received command: stop
2026-05-10 18:58:11,931 [INFO] [CLIPipeServer] [root/controller.py:43]: Exiting Application from CLI...
2026-05-10 18:58:12,047 [INFO] [CLIPipeServer] [cli_server/cli_server.py:114]: Log pipe server stopped
2026-05-10 18:58:12,156 [INFO] [MainThread] [root/bar_manager.py:118]: Stopping WindowsNotificationEventListener...
2026-05-10 18:58:13,170 [INFO] [MainThread] [root/bar_manager.py:118]: Stopping SystemEventListener...
2026-05-10 18:58:15,254 [INFO] [MainThread] [root/log.py:104]: YASB v2.0.0
2026-05-10 18:58:15,255 [INFO] [CLIPipeServer] [cli_server/cli_server.py:216]: CLI server started v1.1.7
2026-05-10 18:58:15,257 [INFO] [MainThread] [cli_server/cli_server.py:106]: Log pipe server started
2026-05-10 18:58:15,327 [WARNING] [MainThread] [deprecation/deprecation.py:133]: [DEPRECATED] BarAlignment: 'center' - Use 'align' instead.
2026-05-10 18:58:15,327 [WARNING] [MainThread] [deprecation/deprecation.py:133]: [DEPRECATED] BarBlurEffect: 'acrylic' - No longer supported and can be removed from the config.
2026-05-10 18:58:16,353 [WARNING] [MainThread] [deprecation/deprecation.py:133]: [DEPRECATED] KomorebiWorkspacesConfig: 'animation' - Use CSS animations instead.
2026-05-10 18:58:16,353 [WARNING] [MainThread] [deprecation/deprecation.py:133]: [DEPRECATED] KomorebiWorkspacesConfig: 'container_padding' - Use CSS padding instead.
2026-05-10 18:58:17,405 [WARNING] [MainThread] [deprecation/deprecation.py:133]: [DEPRECATED] LanguageConfig: 'container_padding' - Use CSS padding instead.
2026-05-10 18:58:17,425 [WARNING] [MainThread] [deprecation/deprecation.py:133]: [DEPRECATED] CavaConfig: 'container_padding' - Use CSS padding instead.
2026-05-10 18:58:17,915 [INFO] [MainThread] [root/service.py:52]: AudioOutputService starting...
2026-05-10 18:58:18,301 [INFO] [MainThread] [root/bar_manager.py:102]: Starting SystemEventListener...
2026-05-10 18:58:18,302 [INFO] [MainThread] [root/bar_manager.py:102]: Starting KomorebiEventListener...
2026-05-10 18:58:18,305 [INFO] [MainThread] [root/watcher.py:65]: Watching directory: c:\users\user\.config\yasb
2026-05-10 18:58:18,305 [INFO] [MainThread] [root/watcher.py:104]: Created file watcher
2026-05-10 18:58:18,308 [INFO] [Dummy-6] [root/event_listener.py:54]: Created named pipe yasb-26e03819-4c5f-11f1-884d-c89402c1d344
2026-05-10 18:58:18,391 [INFO] [MainThread] [root/update_service.py:434]: Background update checker started
2026-05-10 18:58:18,722 [INFO] [Dummy-6] [root/event_listener.py:147]: Komorebi connected to named pipe: yasb-26e03819-4c5f-11f1-884d-c89402c1d344
2026-05-10 18:58:18,758 [INFO] [MainThread] [root/api.py:69]: Fetching new weather data at 2026-05-10 18:58:18.758667
2026-05-10 19:08:15,956 [INFO] [MainThread] [root/api.py:69]: Fetching new weather data at 2026-05-10 19:08:15.956488
2026-05-10 19:18:16,042 [INFO] [MainThread] [root/api.py:69]: Fetching new weather data at 2026-05-10 19:18:16.042461
2026-05-10 19:51:38,510 [ERROR] [MainThread] [root/api.py:84]: No internet connection or host not found. Unable to fetch weather.
2026-05-10 19:51:38,511 [WARNING] [MainThread] [root/weather.py:591]: Error processing weather data: Weather data is empty.. Retrying fetch in 10 seconds.
2026-05-10 19:51:48,918 [INFO] [MainThread] [root/api.py:69]: Fetching new weather data at 2026-05-10 19:51:48.918634
2026-05-10 19:57:08,083 [INFO] [CLIPipeServer] [cli_server/cli_server.py:257]: CLI server received command: stop
2026-05-10 19:57:08,092 [INFO] [CLIPipeServer] [root/controller.py:43]: Exiting Application from CLI...
2026-05-10 19:57:08,206 [INFO] [CLIPipeServer] [cli_server/cli_server.py:114]: Log pipe server stopped
2026-05-10 19:57:08,333 [INFO] [MainThread] [root/bar_manager.py:118]: Stopping SystemEventListener...
2026-05-10 19:57:08,342 [INFO] [MainThread] [root/bar_manager.py:118]: Stopping KomorebiEventListener...
2026-05-10 19:57:10,216 [INFO] [MainThread] [root/log.py:104]: YASB v2.0.0
2026-05-10 19:57:10,216 [INFO] [CLIPipeServer] [cli_server/cli_server.py:216]: CLI server started v1.1.7
2026-05-10 19:57:10,217 [INFO] [MainThread] [cli_server/cli_server.py:106]: Log pipe server started
2026-05-10 19:57:10,281 [WARNING] [MainThread] [deprecation/deprecation.py:133]: [DEPRECATED] BarAlignment: 'center' - Use 'align' instead.
2026-05-10 19:57:10,281 [WARNING] [MainThread] [deprecation/deprecation.py:133]: [DEPRECATED] BarBlurEffect: 'acrylic' - No longer supported and can be removed from the config.
2026-05-10 19:57:10,763 [WARNING] [MainThread] [deprecation/deprecation.py:133]: [DEPRECATED] LaunchpadConfig: 'app_title_shadow' - Use CSS text-shadow instead.
2026-05-10 19:57:10,763 [WARNING] [MainThread] [deprecation/deprecation.py:133]: [DEPRECATED] LaunchpadConfig: 'app_icon_shadow' - Use CSS box-shadow instead.
2026-05-10 19:57:12,090 [WARNING] [MainThread] [deprecation/deprecation.py:133]: [DEPRECATED] CpuConfig: 'label_shadow' - Use CSS text-shadow instead.
2026-05-10 19:57:12,153 [INFO] [MainThread] [root/service.py:52]: AudioOutputService starting...
2026-05-10 19:57:12,883 [INFO] [MainThread] [taskbar_window_manager/window_manager.py:196]: TaskbarWindowManager is starting...
2026-05-10 19:57:12,887 [INFO] [MainThread] [root/bar_manager.py:102]: Starting WindowsNotificationEventListener...
2026-05-10 19:57:12,890 [INFO] [MainThread] [root/watcher.py:65]: Watching directory: c:\users\user\.config\yasb
2026-05-10 19:57:12,890 [INFO] [MainThread] [root/watcher.py:104]: Created file watcher
2026-05-10 19:57:12,928 [INFO] [MainThread] [root/update_service.py:434]: Background update checker started
2026-05-10 19:57:13,568 [INFO] [MainThread] [root/api.py:69]: Fetching new weather data at 2026-05-10 19:57:13.568258
2026-05-10 19:57:40,496 [INFO] [CLIPipeServer] [cli_server/cli_server.py:257]: CLI server received command: stop
2026-05-10 19:57:40,497 [INFO] [CLIPipeServer] [root/controller.py:43]: Exiting Application from CLI...
2026-05-10 19:57:40,603 [INFO] [CLIPipeServer] [cli_server/cli_server.py:114]: Log pipe server stopped
2026-05-10 19:57:40,668 [INFO] [MainThread] [root/bar_manager.py:118]: Stopping WindowsNotificationEventListener...
2026-05-10 19:57:40,676 [INFO] [MainThread] [taskbar_window_manager/window_manager.py:223]: TaskbarWindowManager stopped
2026-05-10 19:57:42,577 [INFO] [MainThread] [root/log.py:104]: YASB v2.0.0
2026-05-10 19:57:42,578 [INFO] [CLIPipeServer] [cli_server/cli_server.py:216]: CLI server started v1.1.7
2026-05-10 19:57:42,578 [INFO] [MainThread] [cli_server/cli_server.py:106]: Log pipe server started
2026-05-10 19:57:42,618 [WARNING] [MainThread] [deprecation/deprecation.py:133]: [DEPRECATED] BarAlignment: 'center' - Use 'align' instead.
2026-05-10 19:57:42,618 [WARNING] [MainThread] [deprecation/deprecation.py:133]: [DEPRECATED] BarBlurEffect: 'acrylic' - No longer supported and can be removed from the config.
2026-05-10 19:57:42,780 [WARNING] [MainThread] [deprecation/deprecation.py:133]: [DEPRECATED] KomorebiWorkspacesConfig: 'animation' - Use CSS animations instead.
2026-05-10 19:57:42,780 [WARNING] [MainThread] [deprecation/deprecation.py:133]: [DEPRECATED] KomorebiWorkspacesConfig: 'container_padding' - Use CSS padding instead.
2026-05-10 19:57:43,751 [WARNING] [MainThread] [deprecation/deprecation.py:133]: [DEPRECATED] LanguageConfig: 'container_padding' - Use CSS padding instead.
2026-05-10 19:57:43,757 [WARNING] [MainThread] [deprecation/deprecation.py:133]: [DEPRECATED] CavaConfig: 'container_padding' - Use CSS padding instead.
2026-05-10 19:57:43,848 [INFO] [MainThread] [root/service.py:52]: AudioOutputService starting...
2026-05-10 19:57:44,010 [INFO] [MainThread] [root/bar_manager.py:102]: Starting KomorebiEventListener...
2026-05-10 19:57:44,011 [INFO] [MainThread] [root/bar_manager.py:102]: Starting SystemEventListener...
2026-05-10 19:57:44,012 [INFO] [MainThread] [root/watcher.py:65]: Watching directory: c:\users\user\.config\yasb
2026-05-10 19:57:44,013 [INFO] [MainThread] [root/watcher.py:104]: Created file watcher
2026-05-10 19:57:44,023 [INFO] [Dummy-6] [root/event_listener.py:54]: Created named pipe yasb-74341552-4c67-11f1-8f2f-c89402c1d344
2026-05-10 19:57:44,093 [INFO] [MainThread] [root/update_service.py:434]: Background update checker started
2026-05-10 19:57:44,386 [INFO] [Dummy-6] [root/event_listener.py:147]: Komorebi connected to named pipe: yasb-74341552-4c67-11f1-8f2f-c89402c1d344
2026-05-10 19:57:44,708 [INFO] [MainThread] [root/api.py:69]: Fetching new weather data at 2026-05-10 19:57:44.707979
2026-05-10 20:07:42,952 [INFO] [MainThread] [root/api.py:69]: Fetching new weather data at 2026-05-10 20:07:42.952780
2026-05-10 20:10:10,762 [INFO] [CLIPipeServer] [cli_server/cli_server.py:257]: CLI server received command: stop
2026-05-10 20:10:10,762 [INFO] [CLIPipeServer] [root/controller.py:43]: Exiting Application from CLI...
2026-05-10 20:10:10,875 [INFO] [CLIPipeServer] [cli_server/cli_server.py:114]: Log pipe server stopped
2026-05-10 20:10:10,990 [INFO] [MainThread] [root/bar_manager.py:118]: Stopping KomorebiEventListener...
2026-05-10 20:10:10,991 [INFO] [MainThread] [root/bar_manager.py:118]: Stopping SystemEventListener...
2026-05-10 20:10:12,683 [INFO] [MainThread] [root/log.py:104]: YASB v2.0.0
2026-05-10 20:10:12,684 [INFO] [CLIPipeServer] [cli_server/cli_server.py:216]: CLI server started v1.1.7
2026-05-10 20:10:12,685 [INFO] [MainThread] [cli_server/cli_server.py:106]: Log pipe server started
2026-05-10 20:10:12,735 [WARNING] [MainThread] [deprecation/deprecation.py:133]: [DEPRECATED] BarAlignment: 'center' - Use 'align' instead.
2026-05-10 20:10:12,735 [WARNING] [MainThread] [deprecation/deprecation.py:133]: [DEPRECATED] BarBlurEffect: 'acrylic' - No longer supported and can be removed from the config.
2026-05-10 20:10:12,791 [WARNING] [MainThread] [deprecation/deprecation.py:133]: [DEPRECATED] KomorebiWorkspacesConfig: 'animation' - Use CSS animations instead.
2026-05-10 20:10:13,831 [INFO] [MainThread] [root/service.py:103]: UpdateCheckService initialized...
2026-05-10 20:10:13,871 [WARNING] [MainThread] [deprecation/deprecation.py:133]: [DEPRECATED] GalleryConfig: 'lazy_load_delay' - No longer supported and can be removed from the config.
2026-05-10 20:10:13,871 [WARNING] [MainThread] [deprecation/deprecation.py:133]: [DEPRECATED] GalleryConfig: 'enable_cache' - No longer supported and can be removed from the config.
2026-05-10 20:10:13,896 [INFO] [MainThread] [root/api.py:62]: GitHubDataManager started...
2026-05-10 20:10:14,018 [INFO] [MainThread] [root/service.py:52]: AudioOutputService starting...
2026-05-10 20:10:14,266 [INFO] [MainThread] [taskbar_window_manager/window_manager.py:196]: TaskbarWindowManager is starting...
2026-05-10 20:10:14,271 [INFO] [MainThread] [root/bar_manager.py:102]: Starting KomorebiEventListener...
2026-05-10 20:10:14,272 [INFO] [MainThread] [root/bar_manager.py:102]: Starting SystemEventListener...
2026-05-10 20:10:14,273 [INFO] [MainThread] [root/watcher.py:65]: Watching directory: c:\users\user\.config\yasb
2026-05-10 20:10:14,274 [INFO] [MainThread] [root/watcher.py:104]: Created file watcher
2026-05-10 20:10:14,274 [INFO] [Dummy-6] [root/event_listener.py:54]: Created named pipe yasb-3364d892-4c69-11f1-8fbe-c89402c1d344
2026-05-10 20:10:14,318 [INFO] [MainThread] [root/update_service.py:434]: Background update checker started
2026-05-10 20:10:14,424 [INFO] [Dummy-6] [root/event_listener.py:147]: Komorebi connected to named pipe: yasb-3364d892-4c69-11f1-8fbe-c89402c1d344
2026-05-10 20:10:14,477 [ERROR] [MainThread] [root/api.py:82]: Weather API invalid JSON response: Expecting value: line 1 column 1 (char 0)
2026-05-10 20:10:14,477 [WARNING] [MainThread] [root/weather.py:591]: Error processing weather data: Weather data is empty.. Retrying fetch in 10 seconds.
2026-05-10 20:10:24,505 [ERROR] [MainThread] [root/api.py:82]: Weather API invalid JSON response: Expecting value: line 1 column 1 (char 0)
2026-05-10 20:10:24,505 [WARNING] [MainThread] [root/weather.py:591]: Error processing weather data: Weather data is empty.. Retrying fetch in 10 seconds.
2026-05-10 20:10:34,521 [ERROR] [MainThread] [root/api.py:82]: Weather API invalid JSON response: Expecting value: line 1 column 1 (char 0)
2026-05-10 20:10:34,521 [WARNING] [MainThread] [root/weather.py:591]: Error processing weather data: Weather data is empty.. Retrying fetch in 10 seconds.
2026-05-10 20:10:44,537 [ERROR] [MainThread] [root/api.py:82]: Weather API invalid JSON response: Expecting value: line 1 column 1 (char 0)
2026-05-10 20:10:44,537 [WARNING] [MainThread] [root/weather.py:591]: Error processing weather data: Weather data is empty.. Retrying fetch in 10 seconds.
2026-05-10 20:10:54,558 [ERROR] [MainThread] [root/api.py:82]: Weather API invalid JSON response: Expecting value: line 1 column 1 (char 0)
2026-05-10 20:10:54,558 [WARNING] [MainThread] [root/weather.py:591]: Error processing weather data: Weather data is empty.. Retrying fetch in 10 seconds.
2026-05-10 20:11:04,573 [ERROR] [MainThread] [root/api.py:82]: Weather API invalid JSON response: Expecting value: line 1 column 1 (char 0)
2026-05-10 20:11:04,573 [WARNING] [MainThread] [root/weather.py:591]: Error processing weather data: Weather data is empty.. Retrying fetch in 10 seconds.
2026-05-10 20:11:14,589 [ERROR] [MainThread] [root/api.py:82]: Weather API invalid JSON response: Expecting value: line 1 column 1 (char 0)
2026-05-10 20:11:14,589 [WARNING] [MainThread] [root/weather.py:591]: Error processing weather data: Weather data is empty.. Retrying fetch in 10 seconds.
2026-05-10 20:11:24,598 [ERROR] [MainThread] [root/api.py:82]: Weather API invalid JSON response: Expecting value: line 1 column 1 (char 0)
2026-05-10 20:11:24,599 [WARNING] [MainThread] [root/weather.py:591]: Error processing weather data: Weather data is empty.. Retrying fetch in 10 seconds.
2026-05-10 20:11:34,612 [ERROR] [MainThread] [root/api.py:82]: Weather API invalid JSON response: Expecting value: line 1 column 1 (char 0)
2026-05-10 20:11:34,612 [WARNING] [MainThread] [root/weather.py:591]: Error processing weather data: Weather data is empty.. Retrying fetch in 10 seconds.
2026-05-10 20:11:44,629 [ERROR] [MainThread] [root/api.py:82]: Weather API invalid JSON response: Expecting value: line 1 column 1 (char 0)
2026-05-10 20:11:44,630 [WARNING] [MainThread] [root/weather.py:591]: Error processing weather data: Weather data is empty.. Retrying fetch in 10 seconds.
2026-05-10 20:11:54,645 [ERROR] [MainThread] [root/api.py:82]: Weather API invalid JSON response: Expecting value: line 1 column 1 (char 0)
2026-05-10 20:11:54,645 [WARNING] [MainThread] [root/weather.py:591]: Error processing weather data: Weather data is empty.. Retrying fetch in 10 seconds.
2026-05-10 20:12:04,664 [ERROR] [MainThread] [root/api.py:82]: Weather API invalid JSON response: Expecting value: line 1 column 1 (char 0)
2026-05-10 20:12:04,665 [WARNING] [MainThread] [root/weather.py:591]: Error processing weather data: Weather data is empty.. Retrying fetch in 10 seconds.
2026-05-10 20:12:14,676 [ERROR] [MainThread] [root/api.py:82]: Weather API invalid JSON response: Expecting value: line 1 column 1 (char 0)
2026-05-10 20:12:14,676 [WARNING] [MainThread] [root/weather.py:591]: Error processing weather data: Weather data is empty.. Retrying fetch in 10 seconds.
2026-05-10 20:12:24,700 [ERROR] [MainThread] [root/api.py:82]: Weather API invalid JSON response: Expecting value: line 1 column 1 (char 0)
2026-05-10 20:12:24,701 [WARNING] [MainThread] [root/weather.py:591]: Error processing weather data: Weather data is empty.. Retrying fetch in 10 seconds.
2026-05-10 20:12:34,716 [ERROR] [MainThread] [root/api.py:82]: Weather API invalid JSON response: Expecting value: line 1 column 1 (char 0)
2026-05-10 20:12:34,717 [WARNING] [MainThread] [root/weather.py:591]: Error processing weather data: Weather data is empty.. Retrying fetch in 10 seconds.
2026-05-10 20:12:44,726 [ERROR] [MainThread] [root/api.py:82]: Weather API invalid JSON response: Expecting value: line 1 column 1 (char 0)
2026-05-10 20:12:44,726 [WARNING] [MainThread] [root/weather.py:591]: Error processing weather data: Weather data is empty.. Retrying fetch in 10 seconds.
2026-05-10 20:12:54,745 [ERROR] [MainThread] [root/api.py:82]: Weather API invalid JSON response: Expecting value: line 1 column 1 (char 0)
2026-05-10 20:12:54,745 [WARNING] [MainThread] [root/weather.py:591]: Error processing weather data: Weather data is empty.. Retrying fetch in 10 seconds.
2026-05-10 20:13:04,824 [ERROR] [MainThread] [root/api.py:82]: Weather API invalid JSON response: Expecting value: line 1 column 1 (char 0)
2026-05-10 20:13:04,824 [WARNING] [MainThread] [root/weather.py:591]: Error processing weather data: Weather data is empty.. Retrying fetch in 10 seconds.
2026-05-10 20:13:14,911 [ERROR] [MainThread] [root/api.py:82]: Weather API invalid JSON response: Expecting value: line 1 column 1 (char 0)
2026-05-10 20:13:14,911 [WARNING] [MainThread] [root/weather.py:591]: Error processing weather data: Weather data is empty.. Retrying fetch in 10 seconds.
2026-05-10 20:13:14,972 [INFO] [CLIPipeServer] [cli_server/cli_server.py:257]: CLI server received command: stop
2026-05-10 20:13:14,973 [INFO] [CLIPipeServer] [root/controller.py:43]: Exiting Application from CLI...
2026-05-10 20:13:15,085 [INFO] [CLIPipeServer] [cli_server/cli_server.py:114]: Log pipe server stopped
2026-05-10 20:13:15,206 [INFO] [MainThread] [root/bar_manager.py:118]: Stopping KomorebiEventListener...
2026-05-10 20:13:15,208 [INFO] [MainThread] [root/bar_manager.py:118]: Stopping SystemEventListener...
2026-05-10 20:13:15,209 [INFO] [MainThread] [taskbar_window_manager/window_manager.py:223]: TaskbarWindowManager stopped
2026-05-10 20:13:17,184 [INFO] [MainThread] [root/log.py:104]: YASB v2.0.0
2026-05-10 20:13:17,185 [INFO] [CLIPipeServer] [cli_server/cli_server.py:216]: CLI server started v1.1.7
2026-05-10 20:13:17,186 [INFO] [MainThread] [cli_server/cli_server.py:106]: Log pipe server started
2026-05-10 20:13:17,227 [WARNING] [MainThread] [deprecation/deprecation.py:133]: [DEPRECATED] BarAlignment: 'center' - Use 'align' instead.
2026-05-10 20:13:17,227 [WARNING] [MainThread] [deprecation/deprecation.py:133]: [DEPRECATED] BarBlurEffect: 'acrylic' - No longer supported and can be removed from the config.
2026-05-10 20:13:17,270 [WARNING] [MainThread] [deprecation/deprecation.py:133]: [DEPRECATED] KomorebiWorkspacesConfig: 'animation' - Use CSS animations instead.
2026-05-10 20:13:17,332 [WARNING] [MainThread] [deprecation/deprecation.py:133]: [DEPRECATED] TaskbarConfig: 'container_padding' - Use CSS padding instead.
2026-05-10 20:13:17,406 [INFO] [MainThread] [root/service.py:52]: AudioOutputService starting...
2026-05-10 20:13:18,115 [INFO] [MainThread] [taskbar_window_manager/window_manager.py:196]: TaskbarWindowManager is starting...
2026-05-10 20:13:18,120 [INFO] [MainThread] [root/bar_manager.py:102]: Starting KomorebiEventListener...
2026-05-10 20:13:18,121 [INFO] [MainThread] [root/bar_manager.py:102]: Starting SystemEventListener...
2026-05-10 20:13:18,122 [INFO] [MainThread] [root/watcher.py:65]: Watching directory: c:\users\user\.config\yasb
2026-05-10 20:13:18,122 [INFO] [MainThread] [root/watcher.py:104]: Created file watcher
2026-05-10 20:13:18,123 [INFO] [Dummy-6] [root/event_listener.py:54]: Created named pipe yasb-a0f9f4de-4c69-11f1-928d-c89402c1d344
2026-05-10 20:13:18,146 [INFO] [MainThread] [root/update_service.py:434]: Background update checker started
2026-05-10 20:13:18,270 [INFO] [Dummy-6] [root/event_listener.py:147]: Komorebi connected to named pipe: yasb-a0f9f4de-4c69-11f1-928d-c89402c1d344
2026-05-10 20:13:18,293 [ERROR] [MainThread] [root/api.py:82]: Weather API invalid JSON response: Expecting value: line 1 column 1 (char 0)
2026-05-10 20:13:18,293 [WARNING] [MainThread] [root/weather.py:591]: Error processing weather data: Weather data is empty.. Retrying fetch in 10 seconds.
2026-05-10 20:13:28,334 [ERROR] [MainThread] [root/api.py:82]: Weather API invalid JSON response: Expecting value: line 1 column 1 (char 0)
2026-05-10 20:13:28,334 [WARNING] [MainThread] [root/weather.py:591]: Error processing weather data: Weather data is empty.. Retrying fetch in 10 seconds.
2026-05-10 20:13:38,352 [ERROR] [MainThread] [root/api.py:82]: Weather API invalid JSON response: Expecting value: line 1 column 1 (char 0)
2026-05-10 20:13:38,352 [WARNING] [MainThread] [root/weather.py:591]: Error processing weather data: Weather data is empty.. Retrying fetch in 10 seconds.
2026-05-10 20:13:48,364 [ERROR] [MainThread] [root/api.py:82]: Weather API invalid JSON response: Expecting value: line 1 column 1 (char 0)
2026-05-10 20:13:48,364 [WARNING] [MainThread] [root/weather.py:591]: Error processing weather data: Weather data is empty.. Retrying fetch in 10 seconds.
2026-05-10 20:13:54,433 [INFO] [CLIPipeServer] [cli_server/cli_server.py:257]: CLI server received command: stop
2026-05-10 20:13:54,433 [INFO] [CLIPipeServer] [root/controller.py:43]: Exiting Application from CLI...
2026-05-10 20:13:54,536 [INFO] [CLIPipeServer] [cli_server/cli_server.py:114]: Log pipe server stopped
2026-05-10 20:13:54,637 [INFO] [MainThread] [root/bar_manager.py:118]: Stopping KomorebiEventListener...
2026-05-10 20:13:54,639 [INFO] [MainThread] [root/bar_manager.py:118]: Stopping SystemEventListener...
2026-05-10 20:13:54,642 [INFO] [MainThread] [taskbar_window_manager/window_manager.py:223]: TaskbarWindowManager stopped
2026-05-10 20:13:56,131 [INFO] [MainThread] [root/log.py:104]: YASB v2.0.0
2026-05-10 20:13:56,132 [INFO] [CLIPipeServer] [cli_server/cli_server.py:216]: CLI server started v1.1.7
2026-05-10 20:13:56,133 [INFO] [MainThread] [cli_server/cli_server.py:106]: Log pipe server started
2026-05-10 20:13:56,187 [WARNING] [MainThread] [deprecation/deprecation.py:133]: [DEPRECATED] BarAlignment: 'center' - Use 'align' instead.
2026-05-10 20:13:56,187 [WARNING] [MainThread] [deprecation/deprecation.py:133]: [DEPRECATED] BarBlurEffect: 'acrylic' - No longer supported and can be removed from the config.
2026-05-10 20:13:56,215 [WARNING] [MainThread] [deprecation/deprecation.py:133]: [DEPRECATED] HomeConfig: 'distance' - Use 'offset_top' instead.
2026-05-10 20:13:56,216 [WARNING] [MainThread] [deprecation/deprecation.py:133]: [DEPRECATED] HomeConfig: 'container_padding' - Use CSS padding instead.
2026-05-10 20:13:56,241 [WARNING] [MainThread] [deprecation/deprecation.py:133]: [DEPRECATED] GalleryConfig: 'lazy_load_delay' - No longer supported and can be removed from the config.
2026-05-10 20:13:56,242 [WARNING] [MainThread] [deprecation/deprecation.py:133]: [DEPRECATED] GalleryConfig: 'enable_cache' - No longer supported and can be removed from the config.
2026-05-10 20:13:56,281 [INFO] [MainThread] [root/service.py:103]: UpdateCheckService initialized...
2026-05-10 20:13:56,298 [WARNING] [MainThread] [deprecation/deprecation.py:133]: [DEPRECATED] CpuConfig: 'container_padding' - Use CSS padding instead.
2026-05-10 20:13:56,312 [WARNING] [MainThread] [deprecation/deprecation.py:133]: [DEPRECATED] MemoryConfig: 'container_padding' - Use CSS padding instead.
2026-05-10 20:13:56,411 [WARNING] [MainThread] [deprecation/deprecation.py:133]: [DEPRECATED] MediaWidgetConfig: 'label_shadow' - Use CSS text-shadow instead.
2026-05-10 20:13:56,557 [WARNING] [MainThread] [deprecation/deprecation.py:133]: [DEPRECATED] GlazewmWorkspacesConfig: 'hide_empty_workspaces' - No longer supported and can be removed from the config.
2026-05-10 20:13:56,627 [WARNING] [MainThread] [deprecation/deprecation.py:133]: [DEPRECATED] WeatherCardConfig: 'distance' - Use 'offset_top' instead.
2026-05-10 20:13:57,111 [WARNING] [MainThread] [deprecation/deprecation.py:133]: [DEPRECATED] CavaConfig: 'container_padding' - Use CSS padding instead.
2026-05-10 20:13:57,121 [WARNING] [MainThread] [deprecation/deprecation.py:133]: [DEPRECATED] AudioMenuConfig: 'distance' - Use 'offset_top' instead.
2026-05-10 20:13:57,134 [INFO] [MainThread] [root/service.py:52]: AudioOutputService starting...
2026-05-10 20:13:57,345 [WARNING] [MainThread] [deprecation/deprecation.py:133]: [DEPRECATED] WifiConfig: 'container_padding' - Use CSS padding instead.
2026-05-10 20:13:57,393 [WARNING] [MainThread] [deprecation/deprecation.py:133]: [DEPRECATED] GroupLabelConfig: 'distance' - Use 'offset_top' instead.
2026-05-10 20:13:57,579 [INFO] [MainThread] [root/bar_manager.py:102]: Starting SystemEventListener...
2026-05-10 20:13:57,580 [ERROR] [MainThread] [root/widget_builder.py:114]: Failed to validate widget(s) due to invalid options  - cava
      noise_reduction:
      - Input should be a valid integer, got a number with a fractional part
      
2026-05-10 20:13:57,623 [INFO] [MainThread] [root/watcher.py:65]: Watching directory: c:\users\user\.config\yasb
2026-05-10 20:13:57,624 [INFO] [MainThread] [root/watcher.py:104]: Created file watcher
2026-05-10 20:13:57,653 [INFO] [MainThread] [root/update_service.py:434]: Background update checker started
2026-05-10 20:13:58,035 [ERROR] [MainThread] [root/api.py:82]: Weather API invalid JSON response: Expecting value: line 1 column 1 (char 0)
2026-05-10 20:13:58,035 [WARNING] [MainThread] [root/weather.py:591]: Error processing weather data: Weather data is empty.. Retrying fetch in 10 seconds.
2026-05-10 20:14:05,905 [WARNING] [MainThread] [glazewm_client/client.py:134]: WebSocket error: SocketError.ConnectionRefusedError. Reconnecting...
2026-05-10 20:14:08,078 [ERROR] [MainThread] [root/api.py:82]: Weather API invalid JSON response: Expecting value: line 1 column 1 (char 0)
2026-05-10 20:14:08,078 [WARNING] [MainThread] [root/weather.py:591]: Error processing weather data: Weather data is empty.. Retrying fetch in 10 seconds.
2026-05-10 20:14:18,107 [ERROR] [MainThread] [root/api.py:82]: Weather API invalid JSON response: Expecting value: line 1 column 1 (char 0)
2026-05-10 20:14:18,107 [WARNING] [MainThread] [root/weather.py:591]: Error processing weather data: Weather data is empty.. Retrying fetch in 10 seconds.
2026-05-10 20:14:28,143 [ERROR] [MainThread] [root/api.py:82]: Weather API invalid JSON response: Expecting value: line 1 column 1 (char 0)
2026-05-10 20:14:28,143 [WARNING] [MainThread] [root/weather.py:591]: Error processing weather data: Weather data is empty.. Retrying fetch in 10 seconds.
2026-05-10 20:14:29,605 [INFO] [CLIPipeServer] [cli_server/cli_server.py:257]: CLI server received command: stop
2026-05-10 20:14:29,606 [INFO] [CLIPipeServer] [root/controller.py:43]: Exiting Application from CLI...
2026-05-10 20:14:29,710 [INFO] [CLIPipeServer] [cli_server/cli_server.py:114]: Log pipe server stopped
2026-05-10 20:14:29,802 [INFO] [MainThread] [root/bar_manager.py:118]: Stopping SystemEventListener...
2026-05-10 20:14:30,725 [INFO] [MainThread] [root/log.py:104]: YASB v2.0.0
2026-05-10 20:14:30,725 [INFO] [CLIPipeServer] [cli_server/cli_server.py:216]: CLI server started v1.1.7
2026-05-10 20:14:30,726 [INFO] [MainThread] [cli_server/cli_server.py:106]: Log pipe server started
2026-05-10 20:14:30,773 [WARNING] [MainThread] [deprecation/deprecation.py:133]: [DEPRECATED] BarAlignment: 'center' - Use 'align' instead.
2026-05-10 20:14:30,773 [WARNING] [MainThread] [deprecation/deprecation.py:133]: [DEPRECATED] BarBlurEffect: 'acrylic' - No longer supported and can be removed from the config.
2026-05-10 20:14:30,816 [WARNING] [MainThread] [deprecation/deprecation.py:133]: [DEPRECATED] KomorebiWorkspacesConfig: 'animation' - Use CSS animations instead.
2026-05-10 20:14:31,325 [INFO] [MainThread] [root/service.py:103]: UpdateCheckService initialized...
2026-05-10 20:14:31,352 [WARNING] [MainThread] [deprecation/deprecation.py:133]: [DEPRECATED] GalleryConfig: 'lazy_load_delay' - No longer supported and can be removed from the config.
2026-05-10 20:14:31,352 [WARNING] [MainThread] [deprecation/deprecation.py:133]: [DEPRECATED] GalleryConfig: 'enable_cache' - No longer supported and can be removed from the config.
2026-05-10 20:14:31,374 [INFO] [MainThread] [root/api.py:62]: GitHubDataManager started...
2026-05-10 20:14:31,463 [INFO] [MainThread] [root/service.py:52]: AudioOutputService starting...
2026-05-10 20:14:31,692 [INFO] [MainThread] [taskbar_window_manager/window_manager.py:196]: TaskbarWindowManager is starting...
2026-05-10 20:14:31,696 [INFO] [MainThread] [root/bar_manager.py:102]: Starting SystemEventListener...
2026-05-10 20:14:31,697 [INFO] [MainThread] [root/bar_manager.py:102]: Starting KomorebiEventListener...
2026-05-10 20:14:31,699 [INFO] [MainThread] [root/watcher.py:65]: Watching directory: c:\users\user\.config\yasb
2026-05-10 20:14:31,699 [INFO] [MainThread] [root/watcher.py:104]: Created file watcher
2026-05-10 20:14:31,700 [INFO] [Dummy-6] [root/event_listener.py:54]: Created named pipe yasb-ccd4d336-4c69-11f1-876e-c89402c1d344
2026-05-10 20:14:31,734 [INFO] [MainThread] [root/update_service.py:434]: Background update checker started
2026-05-10 20:14:31,846 [INFO] [Dummy-6] [root/event_listener.py:147]: Komorebi connected to named pipe: yasb-ccd4d336-4c69-11f1-876e-c89402c1d344
2026-05-10 20:14:32,271 [ERROR] [MainThread] [root/api.py:82]: Weather API invalid JSON response: Expecting value: line 1 column 1 (char 0)
2026-05-10 20:14:32,271 [WARNING] [MainThread] [root/weather.py:591]: Error processing weather data: Weather data is empty.. Retrying fetch in 10 seconds.
2026-05-10 20:14:42,283 [ERROR] [MainThread] [root/api.py:82]: Weather API invalid JSON response: Expecting value: line 1 column 1 (char 0)
2026-05-10 20:14:42,283 [WARNING] [MainThread] [root/weather.py:591]: Error processing weather data: Weather data is empty.. Retrying fetch in 10 seconds.
2026-05-10 20:14:52,306 [ERROR] [MainThread] [root/api.py:82]: Weather API invalid JSON response: Expecting value: line 1 column 1 (char 0)
2026-05-10 20:14:52,306 [WARNING] [MainThread] [root/weather.py:591]: Error processing weather data: Weather data is empty.. Retrying fetch in 10 seconds.
2026-05-10 20:15:02,409 [ERROR] [MainThread] [root/api.py:82]: Weather API invalid JSON response: Expecting value: line 1 column 1 (char 0)
2026-05-10 20:15:02,409 [WARNING] [MainThread] [root/weather.py:591]: Error processing weather data: Weather data is empty.. Retrying fetch in 10 seconds.
2026-05-10 20:15:12,539 [ERROR] [MainThread] [root/api.py:82]: Weather API invalid JSON response: Expecting value: line 1 column 1 (char 0)
2026-05-10 20:15:12,540 [WARNING] [MainThread] [root/weather.py:591]: Error processing weather data: Weather data is empty.. Retrying fetch in 10 seconds.
2026-05-10 20:15:22,557 [ERROR] [MainThread] [root/api.py:82]: Weather API invalid JSON response: Expecting value: line 1 column 1 (char 0)
2026-05-10 20:15:22,557 [WARNING] [MainThread] [root/weather.py:591]: Error processing weather data: Weather data is empty.. Retrying fetch in 10 seconds.
2026-05-10 20:15:32,589 [ERROR] [MainThread] [root/api.py:82]: Weather API invalid JSON response: Expecting value: line 1 column 1 (char 0)
2026-05-10 20:15:32,589 [WARNING] [MainThread] [root/weather.py:591]: Error processing weather data: Weather data is empty.. Retrying fetch in 10 seconds.
2026-05-10 20:15:42,626 [ERROR] [MainThread] [root/api.py:82]: Weather API invalid JSON response: Expecting value: line 1 column 1 (char 0)
2026-05-10 20:15:42,626 [WARNING] [MainThread] [root/weather.py:591]: Error processing weather data: Weather data is empty.. Retrying fetch in 10 seconds.
2026-05-10 20:15:52,649 [ERROR] [MainThread] [root/api.py:82]: Weather API invalid JSON response: Expecting value: line 1 column 1 (char 0)
2026-05-10 20:15:52,649 [WARNING] [MainThread] [root/weather.py:591]: Error processing weather data: Weather data is empty.. Retrying fetch in 10 seconds.
2026-05-10 20:16:02,697 [ERROR] [MainThread] [root/api.py:82]: Weather API invalid JSON response: Expecting value: line 1 column 1 (char 0)
2026-05-10 20:16:02,698 [WARNING] [MainThread] [root/weather.py:591]: Error processing weather data: Weather data is empty.. Retrying fetch in 10 seconds.
2026-05-10 20:16:12,803 [ERROR] [MainThread] [root/api.py:82]: Weather API invalid JSON response: Expecting value: line 1 column 1 (char 0)
2026-05-10 20:16:12,803 [WARNING] [MainThread] [root/weather.py:591]: Error processing weather data: Weather data is empty.. Retrying fetch in 10 seconds.
2026-05-10 20:16:22,828 [ERROR] [MainThread] [root/api.py:82]: Weather API invalid JSON response: Expecting value: line 1 column 1 (char 0)
2026-05-10 20:16:22,828 [WARNING] [MainThread] [root/weather.py:591]: Error processing weather data: Weather data is empty.. Retrying fetch in 10 seconds.
2026-05-10 20:16:29,528 [INFO] [CLIPipeServer] [cli_server/cli_server.py:257]: CLI server received command: stop
2026-05-10 20:16:29,528 [INFO] [CLIPipeServer] [root/controller.py:43]: Exiting Application from CLI...
2026-05-10 20:16:29,640 [INFO] [CLIPipeServer] [cli_server/cli_server.py:114]: Log pipe server stopped
2026-05-10 20:16:29,737 [INFO] [MainThread] [root/bar_manager.py:118]: Stopping SystemEventListener...
2026-05-10 20:16:29,742 [INFO] [MainThread] [root/bar_manager.py:118]: Stopping KomorebiEventListener...
2026-05-10 20:16:29,743 [INFO] [MainThread] [taskbar_window_manager/window_manager.py:223]: TaskbarWindowManager stopped
2026-05-10 20:16:30,731 [INFO] [MainThread] [root/log.py:104]: YASB v2.0.0
2026-05-10 20:16:30,732 [INFO] [CLIPipeServer] [cli_server/cli_server.py:216]: CLI server started v1.1.7
2026-05-10 20:16:30,733 [INFO] [MainThread] [cli_server/cli_server.py:106]: Log pipe server started
2026-05-10 20:16:30,789 [WARNING] [MainThread] [deprecation/deprecation.py:133]: [DEPRECATED] BarAlignment: 'center' - Use 'align' instead.
2026-05-10 20:16:30,789 [WARNING] [MainThread] [deprecation/deprecation.py:133]: [DEPRECATED] BarBlurEffect: 'acrylic' - No longer supported and can be removed from the config.
2026-05-10 20:16:30,818 [WARNING] [MainThread] [deprecation/deprecation.py:133]: [DEPRECATED] HomeConfig: 'distance' - Use 'offset_top' instead.
2026-05-10 20:16:30,818 [WARNING] [MainThread] [deprecation/deprecation.py:133]: [DEPRECATED] HomeConfig: 'container_padding' - Use CSS padding instead.
2026-05-10 20:16:30,844 [WARNING] [MainThread] [deprecation/deprecation.py:133]: [DEPRECATED] GalleryConfig: 'lazy_load_delay' - No longer supported and can be removed from the config.
2026-05-10 20:16:30,844 [WARNING] [MainThread] [deprecation/deprecation.py:133]: [DEPRECATED] GalleryConfig: 'enable_cache' - No longer supported and can be removed from the config.
2026-05-10 20:16:30,883 [INFO] [MainThread] [root/service.py:103]: UpdateCheckService initialized...
2026-05-10 20:16:30,899 [WARNING] [MainThread] [deprecation/deprecation.py:133]: [DEPRECATED] CpuConfig: 'container_padding' - Use CSS padding instead.
2026-05-10 20:16:30,911 [WARNING] [MainThread] [deprecation/deprecation.py:133]: [DEPRECATED] MemoryConfig: 'container_padding' - Use CSS padding instead.
2026-05-10 20:16:31,002 [WARNING] [MainThread] [deprecation/deprecation.py:133]: [DEPRECATED] MediaWidgetConfig: 'label_shadow' - Use CSS text-shadow instead.
2026-05-10 20:16:31,026 [WARNING] [MainThread] [deprecation/deprecation.py:133]: [DEPRECATED] GlazewmWorkspacesConfig: 'hide_empty_workspaces' - No longer supported and can be removed from the config.
2026-05-10 20:16:31,095 [WARNING] [MainThread] [deprecation/deprecation.py:133]: [DEPRECATED] WeatherCardConfig: 'distance' - Use 'offset_top' instead.
2026-05-10 20:16:31,597 [WARNING] [MainThread] [deprecation/deprecation.py:133]: [DEPRECATED] CavaConfig: 'container_padding' - Use CSS padding instead.
2026-05-10 20:16:31,604 [WARNING] [MainThread] [deprecation/deprecation.py:133]: [DEPRECATED] AudioMenuConfig: 'distance' - Use 'offset_top' instead.
2026-05-10 20:16:31,616 [INFO] [MainThread] [root/service.py:52]: AudioOutputService starting...
2026-05-10 20:16:31,682 [WARNING] [MainThread] [deprecation/deprecation.py:133]: [DEPRECATED] WifiConfig: 'container_padding' - Use CSS padding instead.
2026-05-10 20:16:31,704 [WARNING] [MainThread] [deprecation/deprecation.py:133]: [DEPRECATED] GroupLabelConfig: 'distance' - Use 'offset_top' instead.
2026-05-10 20:16:31,888 [INFO] [MainThread] [root/bar_manager.py:102]: Starting SystemEventListener...
2026-05-10 20:16:31,888 [ERROR] [MainThread] [root/widget_builder.py:114]: Failed to validate widget(s) due to invalid options  - cava
      noise_reduction:
      - Input should be a valid integer, got a number with a fractional part
      
2026-05-10 20:16:31,923 [INFO] [MainThread] [root/watcher.py:65]: Watching directory: c:\users\user\.config\yasb
2026-05-10 20:16:31,923 [INFO] [MainThread] [root/watcher.py:104]: Created file watcher
2026-05-10 20:16:31,951 [INFO] [MainThread] [root/update_service.py:434]: Background update checker started
2026-05-10 20:16:32,222 [ERROR] [MainThread] [root/api.py:82]: Weather API invalid JSON response: Expecting value: line 1 column 1 (char 0)
2026-05-10 20:16:32,223 [WARNING] [MainThread] [root/weather.py:591]: Error processing weather data: Weather data is empty.. Retrying fetch in 10 seconds.
2026-05-10 20:16:40,159 [WARNING] [MainThread] [glazewm_client/client.py:134]: WebSocket error: SocketError.ConnectionRefusedError. Reconnecting...
2026-05-10 20:16:42,255 [ERROR] [MainThread] [root/api.py:82]: Weather API invalid JSON response: Expecting value: line 1 column 1 (char 0)
2026-05-10 20:16:42,255 [WARNING] [MainThread] [root/weather.py:591]: Error processing weather data: Weather data is empty.. Retrying fetch in 10 seconds.
2026-05-10 20:16:49,401 [INFO] [CLIPipeServer] [cli_server/cli_server.py:257]: CLI server received command: stop
2026-05-10 20:16:49,402 [INFO] [CLIPipeServer] [root/controller.py:43]: Exiting Application from CLI...
2026-05-10 20:16:49,506 [INFO] [CLIPipeServer] [cli_server/cli_server.py:114]: Log pipe server stopped
2026-05-10 20:16:49,594 [INFO] [MainThread] [root/bar_manager.py:118]: Stopping SystemEventListener...
2026-05-10 20:16:51,313 [INFO] [MainThread] [root/log.py:104]: YASB v2.0.0
2026-05-10 20:16:51,314 [INFO] [CLIPipeServer] [cli_server/cli_server.py:216]: CLI server started v1.1.7
2026-05-10 20:16:51,315 [INFO] [MainThread] [cli_server/cli_server.py:106]: Log pipe server started
2026-05-10 20:16:51,366 [WARNING] [MainThread] [deprecation/deprecation.py:133]: [DEPRECATED] BarAlignment: 'center' - Use 'align' instead.
2026-05-10 20:16:51,367 [WARNING] [MainThread] [deprecation/deprecation.py:133]: [DEPRECATED] BarBlurEffect: 'acrylic' - No longer supported and can be removed from the config.
2026-05-10 20:16:51,389 [WARNING] [MainThread] [deprecation/deprecation.py:133]: [DEPRECATED] HomeConfig: 'distance' - Use 'offset_top' instead.
2026-05-10 20:16:51,389 [WARNING] [MainThread] [deprecation/deprecation.py:133]: [DEPRECATED] HomeConfig: 'container_padding' - Use CSS padding instead.
2026-05-10 20:16:51,415 [WARNING] [MainThread] [deprecation/deprecation.py:133]: [DEPRECATED] GalleryConfig: 'lazy_load_delay' - No longer supported and can be removed from the config.
2026-05-10 20:16:51,415 [WARNING] [MainThread] [deprecation/deprecation.py:133]: [DEPRECATED] GalleryConfig: 'enable_cache' - No longer supported and can be removed from the config.
2026-05-10 20:16:51,506 [WARNING] [MainThread] [deprecation/deprecation.py:133]: [DEPRECATED] NotificationsConfig: 'container_padding' - Use CSS padding instead.
2026-05-10 20:16:51,525 [WARNING] [MainThread] [deprecation/deprecation.py:133]: [DEPRECATED] GlazewmWorkspacesConfig: 'hide_empty_workspaces' - No longer supported and can be removed from the config.
2026-05-10 20:16:51,576 [WARNING] [MainThread] [deprecation/deprecation.py:133]: [DEPRECATED] WeatherCardConfig: 'distance' - Use 'offset_top' instead.
2026-05-10 20:16:51,584 [WARNING] [MainThread] [deprecation/deprecation.py:133]: [DEPRECATED] AudioMenuConfig: 'distance' - Use 'offset_top' instead.
2026-05-10 20:16:51,596 [INFO] [MainThread] [root/service.py:52]: AudioOutputService starting...
2026-05-10 20:16:52,416 [INFO] [MainThread] [root/bar_manager.py:102]: Starting SystemEventListener...
2026-05-10 20:16:52,417 [INFO] [MainThread] [root/bar_manager.py:102]: Starting WindowsNotificationEventListener...
2026-05-10 20:16:52,418 [INFO] [MainThread] [root/watcher.py:65]: Watching directory: c:\users\user\.config\yasb
2026-05-10 20:16:52,418 [INFO] [MainThread] [root/watcher.py:104]: Created file watcher
2026-05-10 20:16:52,449 [INFO] [MainThread] [root/update_service.py:434]: Background update checker started
2026-05-10 20:16:52,730 [INFO] [MainThread] [root/api.py:69]: Fetching new weather data at 2026-05-10 20:16:52.730096
2026-05-10 20:17:00,686 [WARNING] [MainThread] [glazewm_client/client.py:134]: WebSocket error: SocketError.ConnectionRefusedError. Reconnecting...
2026-05-10 20:17:20,937 [INFO] [CLIPipeServer] [cli_server/cli_server.py:257]: CLI server received command: stop
2026-05-10 20:17:20,937 [INFO] [CLIPipeServer] [root/controller.py:43]: Exiting Application from CLI...
2026-05-10 20:17:21,047 [INFO] [CLIPipeServer] [cli_server/cli_server.py:114]: Log pipe server stopped
2026-05-10 20:17:22,410 [WARNING] [MainThread] [deprecation/deprecation.py:133]: [DEPRECATED] BarAlignment: 'center' - Use 'align' instead.
2026-05-10 20:17:22,410 [WARNING] [MainThread] [deprecation/deprecation.py:133]: [DEPRECATED] BarBlurEffect: 'acrylic' - No longer supported and can be removed from the config.
2026-05-10 20:17:22,414 [INFO] [MainThread] [root/controller.py:21]: Reloading Application because of config change.
2026-05-10 20:17:22,518 [INFO] [MainThread] [cli_server/cli_server.py:114]: Log pipe server stopped
2026-05-10 20:17:22,529 [INFO] [MainThread] [root/bar_manager.py:92]: Successfully loaded updated config and re-initialised all bars.
2026-05-10 20:17:22,685 [INFO] [MainThread] [root/bar_manager.py:118]: Stopping SystemEventListener...
2026-05-10 20:17:22,694 [INFO] [MainThread] [root/bar_manager.py:118]: Stopping WindowsNotificationEventListener...
2026-05-10 20:17:22,816 [INFO] [MainThread] [root/log.py:104]: YASB v2.0.0
2026-05-10 20:17:22,817 [INFO] [CLIPipeServer] [cli_server/cli_server.py:216]: CLI server started v1.1.7
2026-05-10 20:17:22,818 [INFO] [MainThread] [cli_server/cli_server.py:106]: Log pipe server started
2026-05-10 20:17:22,867 [WARNING] [MainThread] [deprecation/deprecation.py:133]: [DEPRECATED] BarAlignment: 'center' - Use 'align' instead.
2026-05-10 20:17:22,867 [WARNING] [MainThread] [deprecation/deprecation.py:133]: [DEPRECATED] BarBlurEffect: 'acrylic' - No longer supported and can be removed from the config.
2026-05-10 20:17:22,914 [WARNING] [MainThread] [deprecation/deprecation.py:133]: [DEPRECATED] KomorebiWorkspacesConfig: 'animation' - Use CSS animations instead.
2026-05-10 20:17:23,204 [INFO] [MainThread] [root/log.py:104]: YASB v2.0.0
2026-05-10 20:17:23,205 [INFO] [CLIPipeServer] [cli_server/cli_server.py:216]: CLI server started v1.1.7
2026-05-10 20:17:23,206 [INFO] [MainThread] [cli_server/cli_server.py:106]: Log pipe server started
2026-05-10 20:17:23,206 [INFO] [MainThread] [root/main.py:46]: Waiting for previous YASB instance to exit...
2026-05-10 20:17:23,510 [INFO] [MainThread] [root/service.py:103]: UpdateCheckService initialized...
2026-05-10 20:17:23,543 [WARNING] [MainThread] [deprecation/deprecation.py:133]: [DEPRECATED] GalleryConfig: 'lazy_load_delay' - No longer supported and can be removed from the config.
2026-05-10 20:17:23,543 [WARNING] [MainThread] [deprecation/deprecation.py:133]: [DEPRECATED] GalleryConfig: 'enable_cache' - No longer supported and can be removed from the config.
2026-05-10 20:17:23,567 [INFO] [MainThread] [root/api.py:62]: GitHubDataManager started...
2026-05-10 20:17:23,656 [INFO] [MainThread] [root/service.py:52]: AudioOutputService starting...
2026-05-10 20:17:23,886 [INFO] [MainThread] [taskbar_window_manager/window_manager.py:196]: TaskbarWindowManager is starting...
2026-05-10 20:17:23,891 [INFO] [MainThread] [root/bar_manager.py:102]: Starting SystemEventListener...
2026-05-10 20:17:23,891 [INFO] [MainThread] [root/bar_manager.py:102]: Starting KomorebiEventListener...
2026-05-10 20:17:23,893 [INFO] [MainThread] [root/watcher.py:65]: Watching directory: c:\users\user\.config\yasb
2026-05-10 20:17:23,893 [INFO] [MainThread] [root/watcher.py:104]: Created file watcher
2026-05-10 20:17:23,920 [INFO] [Dummy-6] [root/event_listener.py:54]: Created named pipe yasb-3377ab00-4c6a-11f1-ad2f-c89402c1d344
2026-05-10 20:17:23,924 [INFO] [MainThread] [root/update_service.py:434]: Background update checker started
2026-05-10 20:17:24,033 [INFO] [Dummy-6] [root/event_listener.py:147]: Komorebi connected to named pipe: yasb-3377ab00-4c6a-11f1-ad2f-c89402c1d344
2026-05-10 20:17:24,123 [ERROR] [MainThread] [root/api.py:82]: Weather API invalid JSON response: Expecting value: line 1 column 1 (char 0)
2026-05-10 20:17:24,123 [WARNING] [MainThread] [root/weather.py:591]: Error processing weather data: Weather data is empty.. Retrying fetch in 10 seconds.
2026-05-10 20:17:33,224 [ERROR] [MainThread] [root/main.py:69]: Timeout waiting for previous instance. Aborting start.
2026-05-10 20:17:34,190 [ERROR] [MainThread] [root/api.py:82]: Weather API invalid JSON response: Expecting value: line 1 column 1 (char 0)
2026-05-10 20:17:34,190 [WARNING] [MainThread] [root/weather.py:591]: Error processing weather data: Weather data is empty.. Retrying fetch in 10 seconds.
2026-05-10 20:17:44,208 [ERROR] [MainThread] [root/api.py:82]: Weather API invalid JSON response: Expecting value: line 1 column 1 (char 0)
2026-05-10 20:17:44,208 [WARNING] [MainThread] [root/weather.py:591]: Error processing weather data: Weather data is empty.. Retrying fetch in 10 seconds.
2026-05-10 20:17:54,226 [ERROR] [MainThread] [root/api.py:82]: Weather API invalid JSON response: Expecting value: line 1 column 1 (char 0)
2026-05-10 20:17:54,226 [WARNING] [MainThread] [root/weather.py:591]: Error processing weather data: Weather data is empty.. Retrying fetch in 10 seconds.
2026-05-10 20:18:04,236 [ERROR] [MainThread] [root/api.py:82]: Weather API invalid JSON response: Expecting value: line 1 column 1 (char 0)
2026-05-10 20:18:04,236 [WARNING] [MainThread] [root/weather.py:591]: Error processing weather data: Weather data is empty.. Retrying fetch in 10 seconds.
2026-05-10 20:18:14,252 [ERROR] [MainThread] [root/api.py:82]: Weather API invalid JSON response: Expecting value: line 1 column 1 (char 0)
2026-05-10 20:18:14,252 [WARNING] [MainThread] [root/weather.py:591]: Error processing weather data: Weather data is empty.. Retrying fetch in 10 seconds.
2026-05-10 20:18:24,272 [ERROR] [MainThread] [root/api.py:82]: Weather API invalid JSON response: Expecting value: line 1 column 1 (char 0)
2026-05-10 20:18:24,272 [WARNING] [MainThread] [root/weather.py:591]: Error processing weather data: Weather data is empty.. Retrying fetch in 10 seconds.
2026-05-10 20:18:34,290 [ERROR] [MainThread] [root/api.py:82]: Weather API invalid JSON response: Expecting value: line 1 column 1 (char 0)
2026-05-10 20:18:34,290 [WARNING] [MainThread] [root/weather.py:591]: Error processing weather data: Weather data is empty.. Retrying fetch in 10 seconds.
2026-05-10 20:18:44,309 [ERROR] [MainThread] [root/api.py:82]: Weather API invalid JSON response: Expecting value: line 1 column 1 (char 0)
2026-05-10 20:18:44,309 [WARNING] [MainThread] [root/weather.py:591]: Error processing weather data: Weather data is empty.. Retrying fetch in 10 seconds.
2026-05-10 20:18:54,334 [ERROR] [MainThread] [root/api.py:82]: Weather API invalid JSON response: Expecting value: line 1 column 1 (char 0)
2026-05-10 20:18:54,334 [WARNING] [MainThread] [root/weather.py:591]: Error processing weather data: Weather data is empty.. Retrying fetch in 10 seconds.
2026-05-10 20:19:04,348 [ERROR] [MainThread] [root/api.py:82]: Weather API invalid JSON response: Expecting value: line 1 column 1 (char 0)
2026-05-10 20:19:04,348 [WARNING] [MainThread] [root/weather.py:591]: Error processing weather data: Weather data is empty.. Retrying fetch in 10 seconds.
2026-05-10 20:19:14,391 [ERROR] [MainThread] [root/api.py:82]: Weather API invalid JSON response: Expecting value: line 1 column 1 (char 0)
2026-05-10 20:19:14,391 [WARNING] [MainThread] [root/weather.py:591]: Error processing weather data: Weather data is empty.. Retrying fetch in 10 seconds.
2026-05-10 20:19:24,448 [ERROR] [MainThread] [root/api.py:82]: Weather API invalid JSON response: Expecting value: line 1 column 1 (char 0)
2026-05-10 20:19:24,448 [WARNING] [MainThread] [root/weather.py:591]: Error processing weather data: Weather data is empty.. Retrying fetch in 10 seconds.
2026-05-10 20:19:34,530 [ERROR] [MainThread] [root/api.py:82]: Weather API invalid JSON response: Expecting value: line 1 column 1 (char 0)
2026-05-10 20:19:34,531 [WARNING] [MainThread] [root/weather.py:591]: Error processing weather data: Weather data is empty.. Retrying fetch in 10 seconds.
2026-05-10 20:19:44,555 [ERROR] [MainThread] [root/api.py:82]: Weather API invalid JSON response: Expecting value: line 1 column 1 (char 0)
2026-05-10 20:19:44,556 [WARNING] [MainThread] [root/weather.py:591]: Error processing weather data: Weather data is empty.. Retrying fetch in 10 seconds.
2026-05-10 20:19:54,572 [ERROR] [MainThread] [root/api.py:82]: Weather API invalid JSON response: Expecting value: line 1 column 1 (char 0)
2026-05-10 20:19:54,572 [WARNING] [MainThread] [root/weather.py:591]: Error processing weather data: Weather data is empty.. Retrying fetch in 10 seconds.
2026-05-10 20:20:04,600 [ERROR] [MainThread] [root/api.py:82]: Weather API invalid JSON response: Expecting value: line 1 column 1 (char 0)
2026-05-10 20:20:04,600 [WARNING] [MainThread] [root/weather.py:591]: Error processing weather data: Weather data is empty.. Retrying fetch in 10 seconds.
2026-05-10 20:20:14,615 [ERROR] [MainThread] [root/api.py:82]: Weather API invalid JSON response: Expecting value: line 1 column 1 (char 0)
2026-05-10 20:20:14,615 [WARNING] [MainThread] [root/weather.py:591]: Error processing weather data: Weather data is empty.. Retrying fetch in 10 seconds.
2026-05-10 20:20:24,635 [ERROR] [MainThread] [root/api.py:82]: Weather API invalid JSON response: Expecting value: line 1 column 1 (char 0)
2026-05-10 20:20:24,635 [WARNING] [MainThread] [root/weather.py:591]: Error processing weather data: Weather data is empty.. Retrying fetch in 10 seconds.
2026-05-10 20:20:34,723 [ERROR] [MainThread] [root/api.py:82]: Weather API invalid JSON response: Expecting value: line 1 column 1 (char 0)
2026-05-10 20:20:34,723 [WARNING] [MainThread] [root/weather.py:591]: Error processing weather data: Weather data is empty.. Retrying fetch in 10 seconds.
2026-05-10 20:20:44,825 [ERROR] [MainThread] [root/api.py:82]: Weather API invalid JSON response: Expecting value: line 1 column 1 (char 0)
2026-05-10 20:20:44,825 [WARNING] [MainThread] [root/weather.py:591]: Error processing weather data: Weather data is empty.. Retrying fetch in 10 seconds.
2026-05-10 20:20:54,906 [ERROR] [MainThread] [root/api.py:82]: Weather API invalid JSON response: Expecting value: line 1 column 1 (char 0)
2026-05-10 20:20:54,907 [WARNING] [MainThread] [root/weather.py:591]: Error processing weather data: Weather data is empty.. Retrying fetch in 10 seconds.
2026-05-10 20:21:05,017 [ERROR] [MainThread] [root/api.py:82]: Weather API invalid JSON response: Expecting value: line 1 column 1 (char 0)
2026-05-10 20:21:05,017 [WARNING] [MainThread] [root/weather.py:591]: Error processing weather data: Weather data is empty.. Retrying fetch in 10 seconds.
2026-05-10 20:21:15,036 [ERROR] [MainThread] [root/api.py:82]: Weather API invalid JSON response: Expecting value: line 1 column 1 (char 0)
2026-05-10 20:21:15,036 [WARNING] [MainThread] [root/weather.py:591]: Error processing weather data: Weather data is empty.. Retrying fetch in 10 seconds.
2026-05-10 20:21:25,047 [ERROR] [MainThread] [root/api.py:82]: Weather API invalid JSON response: Expecting value: line 1 column 1 (char 0)
2026-05-10 20:21:25,047 [WARNING] [MainThread] [root/weather.py:591]: Error processing weather data: Weather data is empty.. Retrying fetch in 10 seconds.
2026-05-10 20:21:35,083 [ERROR] [MainThread] [root/api.py:82]: Weather API invalid JSON response: Expecting value: line 1 column 1 (char 0)
2026-05-10 20:21:35,084 [WARNING] [MainThread] [root/weather.py:591]: Error processing weather data: Weather data is empty.. Retrying fetch in 10 seconds.
2026-05-10 20:21:45,108 [ERROR] [MainThread] [root/api.py:82]: Weather API invalid JSON response: Expecting value: line 1 column 1 (char 0)
2026-05-10 20:21:45,109 [WARNING] [MainThread] [root/weather.py:591]: Error processing weather data: Weather data is empty.. Retrying fetch in 10 seconds.
2026-05-10 20:21:55,125 [ERROR] [MainThread] [root/api.py:82]: Weather API invalid JSON response: Expecting value: line 1 column 1 (char 0)
2026-05-10 20:21:55,126 [WARNING] [MainThread] [root/weather.py:591]: Error processing weather data: Weather data is empty.. Retrying fetch in 10 seconds.
2026-05-10 20:22:05,144 [ERROR] [MainThread] [root/api.py:82]: Weather API invalid JSON response: Expecting value: line 1 column 1 (char 0)
2026-05-10 20:22:05,144 [WARNING] [MainThread] [root/weather.py:591]: Error processing weather data: Weather data is empty.. Retrying fetch in 10 seconds.
2026-05-10 20:22:15,159 [ERROR] [MainThread] [root/api.py:82]: Weather API invalid JSON response: Expecting value: line 1 column 1 (char 0)
2026-05-10 20:22:15,159 [WARNING] [MainThread] [root/weather.py:591]: Error processing weather data: Weather data is empty.. Retrying fetch in 10 seconds.
2026-05-10 20:22:25,179 [ERROR] [MainThread] [root/api.py:82]: Weather API invalid JSON response: Expecting value: line 1 column 1 (char 0)
2026-05-10 20:22:25,180 [WARNING] [MainThread] [root/weather.py:591]: Error processing weather data: Weather data is empty.. Retrying fetch in 10 seconds.
2026-05-10 20:22:35,313 [ERROR] [MainThread] [root/api.py:82]: Weather API invalid JSON response: Expecting value: line 1 column 1 (char 0)
2026-05-10 20:22:35,313 [WARNING] [MainThread] [root/weather.py:591]: Error processing weather data: Weather data is empty.. Retrying fetch in 10 seconds.
2026-05-10 20:22:45,343 [ERROR] [MainThread] [root/api.py:82]: Weather API invalid JSON response: Expecting value: line 1 column 1 (char 0)
2026-05-10 20:22:45,344 [WARNING] [MainThread] [root/weather.py:591]: Error processing weather data: Weather data is empty.. Retrying fetch in 10 seconds.
2026-05-10 20:22:55,413 [ERROR] [MainThread] [root/api.py:82]: Weather API invalid JSON response: Expecting value: line 1 column 1 (char 0)
2026-05-10 20:22:55,413 [WARNING] [MainThread] [root/weather.py:591]: Error processing weather data: Weather data is empty.. Retrying fetch in 10 seconds.
2026-05-10 20:23:05,429 [ERROR] [MainThread] [root/api.py:82]: Weather API invalid JSON response: Expecting value: line 1 column 1 (char 0)
2026-05-10 20:23:05,429 [WARNING] [MainThread] [root/weather.py:591]: Error processing weather data: Weather data is empty.. Retrying fetch in 10 seconds.
2026-05-10 20:23:15,440 [ERROR] [MainThread] [root/api.py:82]: Weather API invalid JSON response: Expecting value: line 1 column 1 (char 0)
2026-05-10 20:23:15,440 [WARNING] [MainThread] [root/weather.py:591]: Error processing weather data: Weather data is empty.. Retrying fetch in 10 seconds.
2026-05-10 20:23:25,456 [ERROR] [MainThread] [root/api.py:82]: Weather API invalid JSON response: Expecting value: line 1 column 1 (char 0)
2026-05-10 20:23:25,456 [WARNING] [MainThread] [root/weather.py:591]: Error processing weather data: Weather data is empty.. Retrying fetch in 10 seconds.
2026-05-10 20:23:35,469 [ERROR] [MainThread] [root/api.py:82]: Weather API invalid JSON response: Expecting value: line 1 column 1 (char 0)
2026-05-10 20:23:35,470 [WARNING] [MainThread] [root/weather.py:591]: Error processing weather data: Weather data is empty.. Retrying fetch in 10 seconds.
2026-05-10 20:23:45,494 [ERROR] [MainThread] [root/api.py:82]: Weather API invalid JSON response: Expecting value: line 1 column 1 (char 0)
2026-05-10 20:23:45,494 [WARNING] [MainThread] [root/weather.py:591]: Error processing weather data: Weather data is empty.. Retrying fetch in 10 seconds.
2026-05-10 20:23:55,515 [ERROR] [MainThread] [root/api.py:82]: Weather API invalid JSON response: Expecting value: line 1 column 1 (char 0)
2026-05-10 20:23:55,515 [WARNING] [MainThread] [root/weather.py:591]: Error processing weather data: Weather data is empty.. Retrying fetch in 10 seconds.
2026-05-10 20:24:05,555 [ERROR] [MainThread] [root/api.py:82]: Weather API invalid JSON response: Expecting value: line 1 column 1 (char 0)
2026-05-10 20:24:05,556 [WARNING] [MainThread] [root/weather.py:591]: Error processing weather data: Weather data is empty.. Retrying fetch in 10 seconds.
2026-05-10 20:24:15,567 [ERROR] [MainThread] [root/api.py:82]: Weather API invalid JSON response: Expecting value: line 1 column 1 (char 0)
2026-05-10 20:24:15,568 [WARNING] [MainThread] [root/weather.py:591]: Error processing weather data: Weather data is empty.. Retrying fetch in 10 seconds.
2026-05-10 20:24:25,617 [ERROR] [MainThread] [root/api.py:82]: Weather API invalid JSON response: Expecting value: line 1 column 1 (char 0)
2026-05-10 20:24:25,617 [WARNING] [MainThread] [root/weather.py:591]: Error processing weather data: Weather data is empty.. Retrying fetch in 10 seconds.
2026-05-10 20:24:35,663 [ERROR] [MainThread] [root/api.py:82]: Weather API invalid JSON response: Expecting value: line 1 column 1 (char 0)
2026-05-10 20:24:35,663 [WARNING] [MainThread] [root/weather.py:591]: Error processing weather data: Weather data is empty.. Retrying fetch in 10 seconds.
2026-05-10 20:24:45,700 [ERROR] [MainThread] [root/api.py:82]: Weather API invalid JSON response: Expecting value: line 1 column 1 (char 0)
2026-05-10 20:24:45,700 [WARNING] [MainThread] [root/weather.py:591]: Error processing weather data: Weather data is empty.. Retrying fetch in 10 seconds.
2026-05-10 20:24:55,711 [ERROR] [MainThread] [root/api.py:82]: Weather API invalid JSON response: Expecting value: line 1 column 1 (char 0)
2026-05-10 20:24:55,711 [WARNING] [MainThread] [root/weather.py:591]: Error processing weather data: Weather data is empty.. Retrying fetch in 10 seconds.
2026-05-10 20:25:05,726 [ERROR] [MainThread] [root/api.py:82]: Weather API invalid JSON response: Expecting value: line 1 column 1 (char 0)
2026-05-10 20:25:05,726 [WARNING] [MainThread] [root/weather.py:591]: Error processing weather data: Weather data is empty.. Retrying fetch in 10 seconds.
2026-05-10 20:25:15,794 [ERROR] [MainThread] [root/api.py:82]: Weather API invalid JSON response: Expecting value: line 1 column 1 (char 0)
2026-05-10 20:25:15,795 [WARNING] [MainThread] [root/weather.py:591]: Error processing weather data: Weather data is empty.. Retrying fetch in 10 seconds.
2026-05-10 20:25:25,865 [ERROR] [MainThread] [root/api.py:82]: Weather API invalid JSON response: Expecting value: line 1 column 1 (char 0)
2026-05-10 20:25:25,865 [WARNING] [MainThread] [root/weather.py:591]: Error processing weather data: Weather data is empty.. Retrying fetch in 10 seconds.
2026-05-10 20:25:35,931 [ERROR] [MainThread] [root/api.py:82]: Weather API invalid JSON response: Expecting value: line 1 column 1 (char 0)
2026-05-10 20:25:35,931 [WARNING] [MainThread] [root/weather.py:591]: Error processing weather data: Weather data is empty.. Retrying fetch in 10 seconds.
2026-05-10 20:25:45,941 [ERROR] [MainThread] [root/api.py:82]: Weather API invalid JSON response: Expecting value: line 1 column 1 (char 0)
2026-05-10 20:25:45,941 [WARNING] [MainThread] [root/weather.py:591]: Error processing weather data: Weather data is empty.. Retrying fetch in 10 seconds.
2026-05-10 20:25:55,974 [ERROR] [MainThread] [root/api.py:82]: Weather API invalid JSON response: Expecting value: line 1 column 1 (char 0)
2026-05-10 20:25:55,974 [WARNING] [MainThread] [root/weather.py:591]: Error processing weather data: Weather data is empty.. Retrying fetch in 10 seconds.
2026-05-10 20:26:05,990 [ERROR] [MainThread] [root/api.py:82]: Weather API invalid JSON response: Expecting value: line 1 column 1 (char 0)
2026-05-10 20:26:05,991 [WARNING] [MainThread] [root/weather.py:591]: Error processing weather data: Weather data is empty.. Retrying fetch in 10 seconds.
2026-05-10 20:26:16,007 [ERROR] [MainThread] [root/api.py:82]: Weather API invalid JSON response: Expecting value: line 1 column 1 (char 0)
2026-05-10 20:26:16,007 [WARNING] [MainThread] [root/weather.py:591]: Error processing weather data: Weather data is empty.. Retrying fetch in 10 seconds.
2026-05-10 20:26:26,057 [ERROR] [MainThread] [root/api.py:82]: Weather API invalid JSON response: Expecting value: line 1 column 1 (char 0)
2026-05-10 20:26:26,057 [WARNING] [MainThread] [root/weather.py:591]: Error processing weather data: Weather data is empty.. Retrying fetch in 10 seconds.
2026-05-10 20:26:36,132 [ERROR] [MainThread] [root/api.py:82]: Weather API invalid JSON response: Expecting value: line 1 column 1 (char 0)
2026-05-10 20:26:36,133 [WARNING] [MainThread] [root/weather.py:591]: Error processing weather data: Weather data is empty.. Retrying fetch in 10 seconds.
2026-05-10 20:26:46,191 [ERROR] [MainThread] [root/api.py:82]: Weather API invalid JSON response: Expecting value: line 1 column 1 (char 0)
2026-05-10 20:26:46,192 [WARNING] [MainThread] [root/weather.py:591]: Error processing weather data: Weather data is empty.. Retrying fetch in 10 seconds.
2026-05-10 20:26:56,289 [ERROR] [MainThread] [root/api.py:82]: Weather API invalid JSON response: Expecting value: line 1 column 1 (char 0)
2026-05-10 20:26:56,289 [WARNING] [MainThread] [root/weather.py:591]: Error processing weather data: Weather data is empty.. Retrying fetch in 10 seconds.
2026-05-10 20:27:06,342 [ERROR] [MainThread] [root/api.py:82]: Weather API invalid JSON response: Expecting value: line 1 column 1 (char 0)
2026-05-10 20:27:06,342 [WARNING] [MainThread] [root/weather.py:591]: Error processing weather data: Weather data is empty.. Retrying fetch in 10 seconds.
2026-05-10 20:27:16,350 [ERROR] [MainThread] [root/api.py:82]: Weather API invalid JSON response: Expecting value: line 1 column 1 (char 0)
2026-05-10 20:27:16,350 [WARNING] [MainThread] [root/weather.py:591]: Error processing weather data: Weather data is empty.. Retrying fetch in 10 seconds.
2026-05-10 20:27:23,747 [ERROR] [MainThread] [root/api.py:82]: Weather API invalid JSON response: Expecting value: line 1 column 1 (char 0)
2026-05-10 20:27:26,388 [ERROR] [MainThread] [root/api.py:82]: Weather API invalid JSON response: Expecting value: line 1 column 1 (char 0)
2026-05-10 20:27:26,388 [WARNING] [MainThread] [root/weather.py:591]: Error processing weather data: Weather data is empty.. Retrying fetch in 10 seconds.
2026-05-10 20:27:36,409 [ERROR] [MainThread] [root/api.py:82]: Weather API invalid JSON response: Expecting value: line 1 column 1 (char 0)
2026-05-10 20:27:36,410 [WARNING] [MainThread] [root/weather.py:591]: Error processing weather data: Weather data is empty.. Retrying fetch in 10 seconds.
2026-05-10 20:27:46,467 [ERROR] [MainThread] [root/api.py:82]: Weather API invalid JSON response: Expecting value: line 1 column 1 (char 0)
2026-05-10 20:27:46,468 [WARNING] [MainThread] [root/weather.py:591]: Error processing weather data: Weather data is empty.. Retrying fetch in 10 seconds.
2026-05-10 20:27:56,484 [ERROR] [MainThread] [root/api.py:82]: Weather API invalid JSON response: Expecting value: line 1 column 1 (char 0)
2026-05-10 20:27:56,485 [WARNING] [MainThread] [root/weather.py:591]: Error processing weather data: Weather data is empty.. Retrying fetch in 10 seconds.
2026-05-10 20:28:06,492 [ERROR] [MainThread] [root/api.py:82]: Weather API invalid JSON response: Expecting value: line 1 column 1 (char 0)
2026-05-10 20:28:06,493 [WARNING] [MainThread] [root/weather.py:591]: Error processing weather data: Weather data is empty.. Retrying fetch in 10 seconds.
2026-05-10 20:28:16,526 [ERROR] [MainThread] [root/api.py:82]: Weather API invalid JSON response: Expecting value: line 1 column 1 (char 0)
2026-05-10 20:28:16,526 [WARNING] [MainThread] [root/weather.py:591]: Error processing weather data: Weather data is empty.. Retrying fetch in 10 seconds.
2026-05-10 20:28:26,527 [ERROR] [MainThread] [root/api.py:82]: Weather API invalid JSON response: Expecting value: line 1 column 1 (char 0)
2026-05-10 20:28:26,527 [WARNING] [MainThread] [root/weather.py:591]: Error processing weather data: Weather data is empty.. Retrying fetch in 10 seconds.
2026-05-10 20:28:32,307 [INFO] [CLIPipeServer] [cli_server/cli_server.py:257]: CLI server received command: stop
2026-05-10 20:28:32,307 [INFO] [CLIPipeServer] [root/controller.py:43]: Exiting Application from CLI...
2026-05-10 20:28:32,422 [INFO] [CLIPipeServer] [cli_server/cli_server.py:114]: Log pipe server stopped
2026-05-10 20:28:32,522 [INFO] [MainThread] [root/bar_manager.py:118]: Stopping SystemEventListener...
2026-05-10 20:28:32,525 [INFO] [MainThread] [root/bar_manager.py:118]: Stopping KomorebiEventListener...
2026-05-10 20:28:32,527 [INFO] [MainThread] [taskbar_window_manager/window_manager.py:223]: TaskbarWindowManager stopped
2026-05-10 20:28:35,277 [INFO] [MainThread] [root/log.py:104]: YASB v2.0.0
2026-05-10 20:28:35,278 [INFO] [CLIPipeServer] [cli_server/cli_server.py:216]: CLI server started v1.1.7
2026-05-10 20:28:35,279 [INFO] [MainThread] [cli_server/cli_server.py:106]: Log pipe server started
2026-05-10 20:28:35,456 [WARNING] [MainThread] [deprecation/deprecation.py:133]: [DEPRECATED] BarAlignment: 'center' - Use 'align' instead.
2026-05-10 20:28:35,456 [WARNING] [MainThread] [deprecation/deprecation.py:133]: [DEPRECATED] BarBlurEffect: 'acrylic' - No longer supported and can be removed from the config.
2026-05-10 20:28:35,624 [WARNING] [MainThread] [deprecation/deprecation.py:133]: [DEPRECATED] KomorebiWorkspacesConfig: 'animation' - Use CSS animations instead.
2026-05-10 20:28:36,284 [INFO] [MainThread] [root/service.py:103]: UpdateCheckService initialized...
2026-05-10 20:28:36,313 [WARNING] [MainThread] [deprecation/deprecation.py:133]: [DEPRECATED] GalleryConfig: 'lazy_load_delay' - No longer supported and can be removed from the config.
2026-05-10 20:28:36,313 [WARNING] [MainThread] [deprecation/deprecation.py:133]: [DEPRECATED] GalleryConfig: 'enable_cache' - No longer supported and can be removed from the config.
2026-05-10 20:28:36,337 [INFO] [MainThread] [root/api.py:62]: GitHubDataManager started...
2026-05-10 20:28:36,598 [INFO] [MainThread] [root/service.py:52]: AudioOutputService starting...
2026-05-10 20:28:36,873 [INFO] [MainThread] [taskbar_window_manager/window_manager.py:196]: TaskbarWindowManager is starting...
2026-05-10 20:28:36,879 [INFO] [MainThread] [root/bar_manager.py:102]: Starting KomorebiEventListener...
2026-05-10 20:28:36,879 [INFO] [MainThread] [root/bar_manager.py:102]: Starting SystemEventListener...
2026-05-10 20:28:36,881 [INFO] [MainThread] [root/watcher.py:65]: Watching directory: c:\users\user\.config\yasb
2026-05-10 20:28:36,882 [INFO] [MainThread] [root/watcher.py:104]: Created file watcher
2026-05-10 20:28:36,881 [INFO] [Dummy-6] [root/event_listener.py:54]: Created named pipe yasb-c4995fba-4c6b-11f1-ab04-c89402c1d344
2026-05-10 20:28:37,291 [INFO] [MainThread] [root/update_service.py:434]: Background update checker started
2026-05-10 20:28:37,293 [INFO] [Dummy-6] [root/event_listener.py:147]: Komorebi connected to named pipe: yasb-c4995fba-4c6b-11f1-ab04-c89402c1d344
2026-05-10 20:28:37,461 [ERROR] [MainThread] [root/api.py:82]: Weather API invalid JSON response: Expecting value: line 1 column 1 (char 0)
2026-05-10 20:28:37,462 [WARNING] [MainThread] [root/weather.py:591]: Error processing weather data: Weather data is empty.. Retrying fetch in 10 seconds.
2026-05-10 20:28:47,482 [ERROR] [MainThread] [root/api.py:82]: Weather API invalid JSON response: Expecting value: line 1 column 1 (char 0)
2026-05-10 20:28:47,482 [WARNING] [MainThread] [root/weather.py:591]: Error processing weather data: Weather data is empty.. Retrying fetch in 10 seconds.
2026-05-10 20:28:57,536 [ERROR] [MainThread] [root/api.py:82]: Weather API invalid JSON response: Expecting value: line 1 column 1 (char 0)
2026-05-10 20:28:57,536 [WARNING] [MainThread] [root/weather.py:591]: Error processing weather data: Weather data is empty.. Retrying fetch in 10 seconds.
2026-05-10 20:29:07,560 [ERROR] [MainThread] [root/api.py:82]: Weather API invalid JSON response: Expecting value: line 1 column 1 (char 0)
2026-05-10 20:29:07,561 [WARNING] [MainThread] [root/weather.py:591]: Error processing weather data: Weather data is empty.. Retrying fetch in 10 seconds.
2026-05-10 20:29:17,625 [ERROR] [MainThread] [root/api.py:82]: Weather API invalid JSON response: Expecting value: line 1 column 1 (char 0)
2026-05-10 20:29:17,626 [WARNING] [MainThread] [root/weather.py:591]: Error processing weather data: Weather data is empty.. Retrying fetch in 10 seconds.
2026-05-10 20:29:27,647 [ERROR] [MainThread] [root/api.py:82]: Weather API invalid JSON response: Expecting value: line 1 column 1 (char 0)
2026-05-10 20:29:27,648 [WARNING] [MainThread] [root/weather.py:591]: Error processing weather data: Weather data is empty.. Retrying fetch in 10 seconds.
2026-05-10 20:29:37,683 [ERROR] [MainThread] [root/api.py:82]: Weather API invalid JSON response: Expecting value: line 1 column 1 (char 0)
2026-05-10 20:29:37,683 [WARNING] [MainThread] [root/weather.py:591]: Error processing weather data: Weather data is empty.. Retrying fetch in 10 seconds.
2026-05-10 20:29:47,702 [ERROR] [MainThread] [root/api.py:82]: Weather API invalid JSON response: Expecting value: line 1 column 1 (char 0)
2026-05-10 20:29:47,703 [WARNING] [MainThread] [root/weather.py:591]: Error processing weather data: Weather data is empty.. Retrying fetch in 10 seconds.
2026-05-10 20:29:57,730 [ERROR] [MainThread] [root/api.py:82]: Weather API invalid JSON response: Expecting value: line 1 column 1 (char 0)
2026-05-10 20:29:57,730 [WARNING] [MainThread] [root/weather.py:591]: Error processing weather data: Weather data is empty.. Retrying fetch in 10 seconds.
2026-05-10 20:30:07,763 [ERROR] [MainThread] [root/api.py:82]: Weather API invalid JSON response: Expecting value: line 1 column 1 (char 0)
2026-05-10 20:30:07,763 [WARNING] [MainThread] [root/weather.py:591]: Error processing weather data: Weather data is empty.. Retrying fetch in 10 seconds.
2026-05-10 20:30:17,777 [ERROR] [MainThread] [root/api.py:82]: Weather API invalid JSON response: Expecting value: line 1 column 1 (char 0)
2026-05-10 20:30:17,778 [WARNING] [MainThread] [root/weather.py:591]: Error processing weather data: Weather data is empty.. Retrying fetch in 10 seconds.
2026-05-10 20:30:27,797 [ERROR] [MainThread] [root/api.py:82]: Weather API invalid JSON response: Expecting value: line 1 column 1 (char 0)
2026-05-10 20:30:27,797 [WARNING] [MainThread] [root/weather.py:591]: Error processing weather data: Weather data is empty.. Retrying fetch in 10 seconds.
2026-05-10 20:30:37,819 [ERROR] [MainThread] [root/api.py:82]: Weather API invalid JSON response: Expecting value: line 1 column 1 (char 0)
2026-05-10 20:30:37,820 [WARNING] [MainThread] [root/weather.py:591]: Error processing weather data: Weather data is empty.. Retrying fetch in 10 seconds.
2026-05-10 20:30:47,872 [ERROR] [MainThread] [root/api.py:82]: Weather API invalid JSON response: Expecting value: line 1 column 1 (char 0)
2026-05-10 20:30:47,872 [WARNING] [MainThread] [root/weather.py:591]: Error processing weather data: Weather data is empty.. Retrying fetch in 10 seconds.
2026-05-10 20:30:57,920 [ERROR] [MainThread] [root/api.py:82]: Weather API invalid JSON response: Expecting value: line 1 column 1 (char 0)
2026-05-10 20:30:57,921 [WARNING] [MainThread] [root/weather.py:591]: Error processing weather data: Weather data is empty.. Retrying fetch in 10 seconds.
2026-05-10 20:31:07,924 [ERROR] [MainThread] [root/api.py:82]: Weather API invalid JSON response: Expecting value: line 1 column 1 (char 0)
2026-05-10 20:31:07,924 [WARNING] [MainThread] [root/weather.py:591]: Error processing weather data: Weather data is empty.. Retrying fetch in 10 seconds.
2026-05-10 20:31:17,941 [ERROR] [MainThread] [root/api.py:82]: Weather API invalid JSON response: Expecting value: line 1 column 1 (char 0)
2026-05-10 20:31:17,942 [WARNING] [MainThread] [root/weather.py:591]: Error processing weather data: Weather data is empty.. Retrying fetch in 10 seconds.
2026-05-10 20:31:27,966 [ERROR] [MainThread] [root/api.py:82]: Weather API invalid JSON response: Expecting value: line 1 column 1 (char 0)
2026-05-10 20:31:27,966 [WARNING] [MainThread] [root/weather.py:591]: Error processing weather data: Weather data is empty.. Retrying fetch in 10 seconds.
2026-05-10 20:31:37,993 [ERROR] [MainThread] [root/api.py:82]: Weather API invalid JSON response: Expecting value: line 1 column 1 (char 0)
2026-05-10 20:31:37,994 [WARNING] [MainThread] [root/weather.py:591]: Error processing weather data: Weather data is empty.. Retrying fetch in 10 seconds.
2026-05-10 20:31:48,013 [ERROR] [MainThread] [root/api.py:82]: Weather API invalid JSON response: Expecting value: line 1 column 1 (char 0)
2026-05-10 20:31:48,013 [WARNING] [MainThread] [root/weather.py:591]: Error processing weather data: Weather data is empty.. Retrying fetch in 10 seconds.
2026-05-10 20:31:58,038 [ERROR] [MainThread] [root/api.py:82]: Weather API invalid JSON response: Expecting value: line 1 column 1 (char 0)
2026-05-10 20:31:58,038 [WARNING] [MainThread] [root/weather.py:591]: Error processing weather data: Weather data is empty.. Retrying fetch in 10 seconds.
2026-05-10 20:32:08,032 [ERROR] [MainThread] [root/api.py:82]: Weather API invalid JSON response: Expecting value: line 1 column 1 (char 0)
2026-05-10 20:32:08,032 [WARNING] [MainThread] [root/weather.py:591]: Error processing weather data: Weather data is empty.. Retrying fetch in 10 seconds.
2026-05-10 20:32:18,077 [ERROR] [MainThread] [root/api.py:82]: Weather API invalid JSON response: Expecting value: line 1 column 1 (char 0)
2026-05-10 20:32:18,077 [WARNING] [MainThread] [root/weather.py:591]: Error processing weather data: Weather data is empty.. Retrying fetch in 10 seconds.
2026-05-10 20:32:28,093 [ERROR] [MainThread] [root/api.py:82]: Weather API invalid JSON response: Expecting value: line 1 column 1 (char 0)
2026-05-10 20:32:28,093 [WARNING] [MainThread] [root/weather.py:591]: Error processing weather data: Weather data is empty.. Retrying fetch in 10 seconds.
2026-05-10 20:32:38,120 [ERROR] [MainThread] [root/api.py:82]: Weather API invalid JSON response: Expecting value: line 1 column 1 (char 0)
2026-05-10 20:32:38,120 [WARNING] [MainThread] [root/weather.py:591]: Error processing weather data: Weather data is empty.. Retrying fetch in 10 seconds.
2026-05-10 20:32:48,153 [ERROR] [MainThread] [root/api.py:82]: Weather API invalid JSON response: Expecting value: line 1 column 1 (char 0)
2026-05-10 20:32:48,153 [WARNING] [MainThread] [root/weather.py:591]: Error processing weather data: Weather data is empty.. Retrying fetch in 10 seconds.
2026-05-10 20:32:58,180 [ERROR] [MainThread] [root/api.py:82]: Weather API invalid JSON response: Expecting value: line 1 column 1 (char 0)
2026-05-10 20:32:58,181 [WARNING] [MainThread] [root/weather.py:591]: Error processing weather data: Weather data is empty.. Retrying fetch in 10 seconds.
2026-05-10 20:33:08,200 [ERROR] [MainThread] [root/api.py:82]: Weather API invalid JSON response: Expecting value: line 1 column 1 (char 0)
2026-05-10 20:33:08,200 [WARNING] [MainThread] [root/weather.py:591]: Error processing weather data: Weather data is empty.. Retrying fetch in 10 seconds.
2026-05-10 20:33:18,276 [ERROR] [MainThread] [root/api.py:82]: Weather API invalid JSON response: Expecting value: line 1 column 1 (char 0)
2026-05-10 20:33:18,277 [WARNING] [MainThread] [root/weather.py:591]: Error processing weather data: Weather data is empty.. Retrying fetch in 10 seconds.
2026-05-10 20:33:28,297 [ERROR] [MainThread] [root/api.py:82]: Weather API invalid JSON response: Expecting value: line 1 column 1 (char 0)
2026-05-10 20:33:28,297 [WARNING] [MainThread] [root/weather.py:591]: Error processing weather data: Weather data is empty.. Retrying fetch in 10 seconds.
2026-05-10 20:33:38,306 [ERROR] [MainThread] [root/api.py:82]: Weather API invalid JSON response: Expecting value: line 1 column 1 (char 0)
2026-05-10 20:33:38,307 [WARNING] [MainThread] [root/weather.py:591]: Error processing weather data: Weather data is empty.. Retrying fetch in 10 seconds.
2026-05-10 20:33:48,329 [ERROR] [MainThread] [root/api.py:82]: Weather API invalid JSON response: Expecting value: line 1 column 1 (char 0)
2026-05-10 20:33:48,329 [WARNING] [MainThread] [root/weather.py:591]: Error processing weather data: Weather data is empty.. Retrying fetch in 10 seconds.
2026-05-10 20:33:58,338 [ERROR] [MainThread] [root/api.py:82]: Weather API invalid JSON response: Expecting value: line 1 column 1 (char 0)
2026-05-10 20:33:58,338 [WARNING] [MainThread] [root/weather.py:591]: Error processing weather data: Weather data is empty.. Retrying fetch in 10 seconds.
2026-05-10 20:34:08,358 [ERROR] [MainThread] [root/api.py:82]: Weather API invalid JSON response: Expecting value: line 1 column 1 (char 0)
2026-05-10 20:34:08,358 [WARNING] [MainThread] [root/weather.py:591]: Error processing weather data: Weather data is empty.. Retrying fetch in 10 seconds.
2026-05-10 20:34:18,392 [ERROR] [MainThread] [root/api.py:82]: Weather API invalid JSON response: Expecting value: line 1 column 1 (char 0)
2026-05-10 20:34:18,392 [WARNING] [MainThread] [root/weather.py:591]: Error processing weather data: Weather data is empty.. Retrying fetch in 10 seconds.
2026-05-10 20:34:28,408 [ERROR] [MainThread] [root/api.py:82]: Weather API invalid JSON response: Expecting value: line 1 column 1 (char 0)
2026-05-10 20:34:28,408 [WARNING] [MainThread] [root/weather.py:591]: Error processing weather data: Weather data is empty.. Retrying fetch in 10 seconds.
2026-05-10 20:34:38,445 [ERROR] [MainThread] [root/api.py:82]: Weather API invalid JSON response: Expecting value: line 1 column 1 (char 0)
2026-05-10 20:34:38,445 [WARNING] [MainThread] [root/weather.py:591]: Error processing weather data: Weather data is empty.. Retrying fetch in 10 seconds.
2026-05-10 20:34:48,466 [ERROR] [MainThread] [root/api.py:82]: Weather API invalid JSON response: Expecting value: line 1 column 1 (char 0)
2026-05-10 20:34:48,466 [WARNING] [MainThread] [root/weather.py:591]: Error processing weather data: Weather data is empty.. Retrying fetch in 10 seconds.
2026-05-10 20:34:58,563 [ERROR] [MainThread] [root/api.py:82]: Weather API invalid JSON response: Expecting value: line 1 column 1 (char 0)
2026-05-10 20:34:58,563 [WARNING] [MainThread] [root/weather.py:591]: Error processing weather data: Weather data is empty.. Retrying fetch in 10 seconds.
2026-05-10 20:35:08,642 [ERROR] [MainThread] [root/api.py:82]: Weather API invalid JSON response: Expecting value: line 1 column 1 (char 0)
2026-05-10 20:35:08,642 [WARNING] [MainThread] [root/weather.py:591]: Error processing weather data: Weather data is empty.. Retrying fetch in 10 seconds.
2026-05-10 20:35:18,728 [ERROR] [MainThread] [root/api.py:82]: Weather API invalid JSON response: Expecting value: line 1 column 1 (char 0)
2026-05-10 20:35:18,728 [WARNING] [MainThread] [root/weather.py:591]: Error processing weather data: Weather data is empty.. Retrying fetch in 10 seconds.
2026-05-10 20:35:28,837 [ERROR] [MainThread] [root/api.py:82]: Weather API invalid JSON response: Expecting value: line 1 column 1 (char 0)
2026-05-10 20:35:28,837 [WARNING] [MainThread] [root/weather.py:591]: Error processing weather data: Weather data is empty.. Retrying fetch in 10 seconds.
2026-05-10 20:35:38,983 [ERROR] [MainThread] [root/api.py:82]: Weather API invalid JSON response: Expecting value: line 1 column 1 (char 0)
2026-05-10 20:35:38,983 [WARNING] [MainThread] [root/weather.py:591]: Error processing weather data: Weather data is empty.. Retrying fetch in 10 seconds.
2026-05-10 20:35:48,994 [ERROR] [MainThread] [root/api.py:82]: Weather API invalid JSON response: Expecting value: line 1 column 1 (char 0)
2026-05-10 20:35:48,994 [WARNING] [MainThread] [root/weather.py:591]: Error processing weather data: Weather data is empty.. Retrying fetch in 10 seconds.
2026-05-10 20:35:59,017 [ERROR] [MainThread] [root/api.py:82]: Weather API invalid JSON response: Expecting value: line 1 column 1 (char 0)
2026-05-10 20:35:59,018 [WARNING] [MainThread] [root/weather.py:591]: Error processing weather data: Weather data is empty.. Retrying fetch in 10 seconds.
2026-05-10 20:36:09,018 [ERROR] [MainThread] [root/api.py:82]: Weather API invalid JSON response: Expecting value: line 1 column 1 (char 0)
2026-05-10 20:36:09,019 [WARNING] [MainThread] [root/weather.py:591]: Error processing weather data: Weather data is empty.. Retrying fetch in 10 seconds.
2026-05-10 20:36:09,847 [WARNING] [MainThread] [deprecation/deprecation.py:133]: [DEPRECATED] BarAlignment: 'center' - Use 'align' instead.
2026-05-10 20:36:09,848 [WARNING] [MainThread] [deprecation/deprecation.py:133]: [DEPRECATED] BarBlurEffect: 'acrylic' - No longer supported and can be removed from the config.
2026-05-10 20:36:09,851 [INFO] [MainThread] [root/controller.py:21]: Reloading Application because of config change.
2026-05-10 20:36:09,957 [INFO] [MainThread] [cli_server/cli_server.py:114]: Log pipe server stopped
2026-05-10 20:36:09,970 [INFO] [MainThread] [root/bar_manager.py:92]: Successfully loaded updated config and re-initialised all bars.
2026-05-10 20:36:10,144 [INFO] [MainThread] [root/bar_manager.py:118]: Stopping KomorebiEventListener...
2026-05-10 20:36:10,148 [INFO] [MainThread] [root/bar_manager.py:118]: Stopping SystemEventListener...
2026-05-10 20:36:10,156 [INFO] [MainThread] [taskbar_window_manager/window_manager.py:223]: TaskbarWindowManager stopped
2026-05-10 20:36:11,043 [INFO] [MainThread] [root/log.py:104]: YASB v2.0.0
2026-05-10 20:36:11,043 [INFO] [CLIPipeServer] [cli_server/cli_server.py:216]: CLI server started v1.1.7
2026-05-10 20:36:11,045 [INFO] [MainThread] [cli_server/cli_server.py:106]: Log pipe server started
2026-05-10 20:36:11,099 [WARNING] [MainThread] [deprecation/deprecation.py:133]: [DEPRECATED] BarAlignment: 'center' - Use 'align' instead.
2026-05-10 20:36:11,099 [WARNING] [MainThread] [deprecation/deprecation.py:133]: [DEPRECATED] BarBlurEffect: 'acrylic' - No longer supported and can be removed from the config.
2026-05-10 20:36:11,166 [WARNING] [MainThread] [deprecation/deprecation.py:133]: [DEPRECATED] KomorebiWorkspacesConfig: 'animation' - Use CSS animations instead.
2026-05-10 20:36:12,264 [INFO] [MainThread] [root/service.py:103]: UpdateCheckService initialized...
2026-05-10 20:36:12,294 [WARNING] [MainThread] [deprecation/deprecation.py:133]: [DEPRECATED] GalleryConfig: 'lazy_load_delay' - No longer supported and can be removed from the config.
2026-05-10 20:36:12,295 [WARNING] [MainThread] [deprecation/deprecation.py:133]: [DEPRECATED] GalleryConfig: 'enable_cache' - No longer supported and can be removed from the config.
2026-05-10 20:36:12,319 [INFO] [MainThread] [root/api.py:62]: GitHubDataManager started...
2026-05-10 20:36:12,419 [INFO] [MainThread] [root/service.py:52]: AudioOutputService starting...
2026-05-10 20:36:12,617 [INFO] [MainThread] [taskbar_window_manager/window_manager.py:196]: TaskbarWindowManager is starting...
2026-05-10 20:36:12,622 [INFO] [MainThread] [root/bar_manager.py:102]: Starting SystemEventListener...
2026-05-10 20:36:12,623 [INFO] [MainThread] [root/bar_manager.py:102]: Starting KomorebiEventListener...
2026-05-10 20:36:12,624 [ERROR] [MainThread] [root/widget_builder.py:114]: Failed to validate widget(s) due to invalid options  - apps
      app_list:
      - Input should be a valid list
      
2026-05-10 20:36:12,626 [INFO] [Dummy-4] [root/event_listener.py:54]: Created named pipe yasb-d43e7ba7-4c6c-11f1-b1a4-c89402c1d344
2026-05-10 20:36:12,738 [INFO] [MainThread] [root/watcher.py:65]: Watching directory: c:\users\user\.config\yasb
2026-05-10 20:36:12,739 [INFO] [MainThread] [root/watcher.py:104]: Created file watcher
2026-05-10 20:36:12,763 [INFO] [MainThread] [root/update_service.py:434]: Background update checker started
2026-05-10 20:36:12,825 [INFO] [Dummy-4] [root/event_listener.py:147]: Komorebi connected to named pipe: yasb-d43e7ba7-4c6c-11f1-b1a4-c89402c1d344
2026-05-10 20:36:13,270 [ERROR] [MainThread] [root/api.py:82]: Weather API invalid JSON response: Expecting value: line 1 column 1 (char 0)
2026-05-10 20:36:13,270 [WARNING] [MainThread] [root/weather.py:591]: Error processing weather data: Weather data is empty.. Retrying fetch in 10 seconds.
2026-05-10 20:36:23,301 [ERROR] [MainThread] [root/api.py:82]: Weather API invalid JSON response: Expecting value: line 1 column 1 (char 0)
2026-05-10 20:36:23,302 [WARNING] [MainThread] [root/weather.py:591]: Error processing weather data: Weather data is empty.. Retrying fetch in 10 seconds.
2026-05-10 20:36:25,095 [WARNING] [MainThread] [deprecation/deprecation.py:133]: [DEPRECATED] BarAlignment: 'center' - Use 'align' instead.
2026-05-10 20:36:25,096 [WARNING] [MainThread] [deprecation/deprecation.py:133]: [DEPRECATED] BarBlurEffect: 'acrylic' - No longer supported and can be removed from the config.
2026-05-10 20:36:25,096 [INFO] [MainThread] [root/controller.py:21]: Reloading Application because of config change.
2026-05-10 20:36:25,208 [INFO] [MainThread] [cli_server/cli_server.py:114]: Log pipe server stopped
2026-05-10 20:36:25,216 [INFO] [MainThread] [root/bar_manager.py:92]: Successfully loaded updated config and re-initialised all bars.
2026-05-10 20:36:25,333 [INFO] [MainThread] [root/bar_manager.py:118]: Stopping SystemEventListener...
2026-05-10 20:36:25,340 [INFO] [MainThread] [root/bar_manager.py:118]: Stopping KomorebiEventListener...
2026-05-10 20:36:25,343 [INFO] [MainThread] [taskbar_window_manager/window_manager.py:223]: TaskbarWindowManager stopped
2026-05-10 20:36:26,067 [INFO] [MainThread] [root/log.py:104]: YASB v2.0.0
2026-05-10 20:36:26,068 [INFO] [CLIPipeServer] [cli_server/cli_server.py:216]: CLI server started v1.1.7
2026-05-10 20:36:26,069 [INFO] [MainThread] [cli_server/cli_server.py:106]: Log pipe server started
2026-05-10 20:36:26,116 [WARNING] [MainThread] [deprecation/deprecation.py:133]: [DEPRECATED] BarAlignment: 'center' - Use 'align' instead.
2026-05-10 20:36:26,117 [WARNING] [MainThread] [deprecation/deprecation.py:133]: [DEPRECATED] BarBlurEffect: 'acrylic' - No longer supported and can be removed from the config.
2026-05-10 20:36:26,163 [WARNING] [MainThread] [deprecation/deprecation.py:133]: [DEPRECATED] KomorebiWorkspacesConfig: 'animation' - Use CSS animations instead.
2026-05-10 20:36:26,635 [INFO] [MainThread] [root/service.py:103]: UpdateCheckService initialized...
2026-05-10 20:36:26,663 [WARNING] [MainThread] [deprecation/deprecation.py:133]: [DEPRECATED] GalleryConfig: 'lazy_load_delay' - No longer supported and can be removed from the config.
2026-05-10 20:36:26,664 [WARNING] [MainThread] [deprecation/deprecation.py:133]: [DEPRECATED] GalleryConfig: 'enable_cache' - No longer supported and can be removed from the config.
2026-05-10 20:36:26,687 [INFO] [MainThread] [root/api.py:62]: GitHubDataManager started...
2026-05-10 20:36:26,777 [INFO] [MainThread] [root/service.py:52]: AudioOutputService starting...
2026-05-10 20:36:26,985 [INFO] [MainThread] [taskbar_window_manager/window_manager.py:196]: TaskbarWindowManager is starting...
2026-05-10 20:36:26,989 [INFO] [MainThread] [root/bar_manager.py:102]: Starting SystemEventListener...
2026-05-10 20:36:26,990 [INFO] [MainThread] [root/bar_manager.py:102]: Starting KomorebiEventListener...
2026-05-10 20:36:26,990 [ERROR] [MainThread] [root/widget_builder.py:114]: Failed to validate widget(s) due to invalid options  - apps
      app_list:
      - Input should be a valid list
      
2026-05-10 20:36:26,992 [INFO] [Dummy-4] [root/event_listener.py:54]: Created named pipe yasb-dcceae8b-4c6c-11f1-ae10-c89402c1d344
2026-05-10 20:36:27,081 [INFO] [MainThread] [root/watcher.py:65]: Watching directory: c:\users\user\.config\yasb
2026-05-10 20:36:27,082 [INFO] [MainThread] [root/watcher.py:104]: Created file watcher
2026-05-10 20:36:27,125 [INFO] [MainThread] [root/update_service.py:434]: Background update checker started
2026-05-10 20:36:27,166 [INFO] [Dummy-4] [root/event_listener.py:147]: Komorebi connected to named pipe: yasb-dcceae8b-4c6c-11f1-ae10-c89402c1d344
2026-05-10 20:36:27,553 [ERROR] [MainThread] [root/api.py:82]: Weather API invalid JSON response: Expecting value: line 1 column 1 (char 0)
2026-05-10 20:36:27,553 [WARNING] [MainThread] [root/weather.py:591]: Error processing weather data: Weather data is empty.. Retrying fetch in 10 seconds.
2026-05-10 20:36:37,582 [ERROR] [MainThread] [root/api.py:82]: Weather API invalid JSON response: Expecting value: line 1 column 1 (char 0)
2026-05-10 20:36:37,582 [WARNING] [MainThread] [root/weather.py:591]: Error processing weather data: Weather data is empty.. Retrying fetch in 10 seconds.
2026-05-10 20:36:45,062 [WARNING] [MainThread] [deprecation/deprecation.py:133]: [DEPRECATED] BarAlignment: 'center' - Use 'align' instead.
2026-05-10 20:36:45,062 [WARNING] [MainThread] [deprecation/deprecation.py:133]: [DEPRECATED] BarBlurEffect: 'acrylic' - No longer supported and can be removed from the config.
2026-05-10 20:36:45,062 [INFO] [MainThread] [root/controller.py:21]: Reloading Application because of config change.
2026-05-10 20:36:45,175 [INFO] [MainThread] [cli_server/cli_server.py:114]: Log pipe server stopped
2026-05-10 20:36:45,183 [INFO] [MainThread] [root/bar_manager.py:92]: Successfully loaded updated config and re-initialised all bars.
2026-05-10 20:36:45,302 [INFO] [MainThread] [root/bar_manager.py:118]: Stopping SystemEventListener...
2026-05-10 20:36:45,313 [INFO] [MainThread] [root/bar_manager.py:118]: Stopping KomorebiEventListener...
2026-05-10 20:36:45,317 [INFO] [MainThread] [taskbar_window_manager/window_manager.py:223]: TaskbarWindowManager stopped
2026-05-10 20:36:46,032 [INFO] [MainThread] [root/log.py:104]: YASB v2.0.0
2026-05-10 20:36:46,033 [INFO] [CLIPipeServer] [cli_server/cli_server.py:216]: CLI server started v1.1.7
2026-05-10 20:36:46,033 [INFO] [MainThread] [cli_server/cli_server.py:106]: Log pipe server started
2026-05-10 20:36:46,082 [WARNING] [MainThread] [deprecation/deprecation.py:133]: [DEPRECATED] BarAlignment: 'center' - Use 'align' instead.
2026-05-10 20:36:46,082 [WARNING] [MainThread] [deprecation/deprecation.py:133]: [DEPRECATED] BarBlurEffect: 'acrylic' - No longer supported and can be removed from the config.
2026-05-10 20:36:46,127 [WARNING] [MainThread] [deprecation/deprecation.py:133]: [DEPRECATED] KomorebiWorkspacesConfig: 'animation' - Use CSS animations instead.
2026-05-10 20:36:46,621 [INFO] [MainThread] [root/service.py:103]: UpdateCheckService initialized...
2026-05-10 20:36:46,648 [WARNING] [MainThread] [deprecation/deprecation.py:133]: [DEPRECATED] GalleryConfig: 'lazy_load_delay' - No longer supported and can be removed from the config.
2026-05-10 20:36:46,648 [WARNING] [MainThread] [deprecation/deprecation.py:133]: [DEPRECATED] GalleryConfig: 'enable_cache' - No longer supported and can be removed from the config.
2026-05-10 20:36:46,670 [INFO] [MainThread] [root/api.py:62]: GitHubDataManager started...
2026-05-10 20:36:46,758 [INFO] [MainThread] [root/service.py:52]: AudioOutputService starting...
2026-05-10 20:36:46,967 [INFO] [MainThread] [taskbar_window_manager/window_manager.py:196]: TaskbarWindowManager is starting...
2026-05-10 20:36:46,974 [INFO] [MainThread] [root/bar_manager.py:102]: Starting KomorebiEventListener...
2026-05-10 20:36:46,976 [INFO] [MainThread] [root/bar_manager.py:102]: Starting SystemEventListener...
2026-05-10 20:36:46,976 [ERROR] [MainThread] [root/widget_builder.py:114]: Failed to validate widget(s) due to invalid options  - apps
      app_list:
        0:
          icon:
          - Field required
          launch:
          - Field required
      
2026-05-10 20:36:46,980 [INFO] [Dummy-4] [root/event_listener.py:54]: Created named pipe yasb-e8b8282c-4c6c-11f1-ab0d-c89402c1d344
2026-05-10 20:36:47,077 [INFO] [MainThread] [root/watcher.py:65]: Watching directory: c:\users\user\.config\yasb
2026-05-10 20:36:47,078 [INFO] [MainThread] [root/watcher.py:104]: Created file watcher
2026-05-10 20:36:47,120 [INFO] [MainThread] [root/update_service.py:434]: Background update checker started
2026-05-10 20:36:47,188 [INFO] [Dummy-4] [root/event_listener.py:147]: Komorebi connected to named pipe: yasb-e8b8282c-4c6c-11f1-ab0d-c89402c1d344
2026-05-10 20:36:47,443 [ERROR] [MainThread] [root/api.py:82]: Weather API invalid JSON response: Expecting value: line 1 column 1 (char 0)
2026-05-10 20:36:47,444 [WARNING] [MainThread] [root/weather.py:591]: Error processing weather data: Weather data is empty.. Retrying fetch in 10 seconds.
2026-05-10 20:36:57,491 [ERROR] [MainThread] [root/api.py:82]: Weather API invalid JSON response: Expecting value: line 1 column 1 (char 0)
2026-05-10 20:36:57,491 [WARNING] [MainThread] [root/weather.py:591]: Error processing weather data: Weather data is empty.. Retrying fetch in 10 seconds.
2026-05-10 20:37:07,510 [ERROR] [MainThread] [root/api.py:82]: Weather API invalid JSON response: Expecting value: line 1 column 1 (char 0)
2026-05-10 20:37:07,510 [WARNING] [MainThread] [root/weather.py:591]: Error processing weather data: Weather data is empty.. Retrying fetch in 10 seconds.
2026-05-10 20:37:07,621 [WARNING] [MainThread] [deprecation/deprecation.py:133]: [DEPRECATED] BarAlignment: 'center' - Use 'align' instead.
2026-05-10 20:37:07,621 [WARNING] [MainThread] [deprecation/deprecation.py:133]: [DEPRECATED] BarBlurEffect: 'acrylic' - No longer supported and can be removed from the config.
2026-05-10 20:37:07,622 [INFO] [MainThread] [root/controller.py:21]: Reloading Application because of config change.
2026-05-10 20:37:07,726 [INFO] [MainThread] [cli_server/cli_server.py:114]: Log pipe server stopped
2026-05-10 20:37:07,735 [INFO] [MainThread] [root/bar_manager.py:92]: Successfully loaded updated config and re-initialised all bars.
2026-05-10 20:37:07,863 [INFO] [MainThread] [root/bar_manager.py:118]: Stopping KomorebiEventListener...
2026-05-10 20:37:07,866 [INFO] [MainThread] [root/bar_manager.py:118]: Stopping SystemEventListener...
2026-05-10 20:37:07,877 [INFO] [MainThread] [taskbar_window_manager/window_manager.py:223]: TaskbarWindowManager stopped
2026-05-10 20:37:08,564 [INFO] [MainThread] [root/log.py:104]: YASB v2.0.0
2026-05-10 20:37:08,564 [INFO] [CLIPipeServer] [cli_server/cli_server.py:216]: CLI server started v1.1.7
2026-05-10 20:37:08,565 [INFO] [MainThread] [cli_server/cli_server.py:106]: Log pipe server started
2026-05-10 20:37:08,612 [WARNING] [MainThread] [deprecation/deprecation.py:133]: [DEPRECATED] BarAlignment: 'center' - Use 'align' instead.
2026-05-10 20:37:08,613 [WARNING] [MainThread] [deprecation/deprecation.py:133]: [DEPRECATED] BarBlurEffect: 'acrylic' - No longer supported and can be removed from the config.
2026-05-10 20:37:08,655 [WARNING] [MainThread] [deprecation/deprecation.py:133]: [DEPRECATED] KomorebiWorkspacesConfig: 'animation' - Use CSS animations instead.
2026-05-10 20:37:09,158 [INFO] [MainThread] [root/service.py:103]: UpdateCheckService initialized...
2026-05-10 20:37:09,185 [WARNING] [MainThread] [deprecation/deprecation.py:133]: [DEPRECATED] GalleryConfig: 'lazy_load_delay' - No longer supported and can be removed from the config.
2026-05-10 20:37:09,185 [WARNING] [MainThread] [deprecation/deprecation.py:133]: [DEPRECATED] GalleryConfig: 'enable_cache' - No longer supported and can be removed from the config.
2026-05-10 20:37:09,207 [INFO] [MainThread] [root/api.py:62]: GitHubDataManager started...
2026-05-10 20:37:09,297 [INFO] [MainThread] [root/service.py:52]: AudioOutputService starting...
2026-05-10 20:37:09,508 [INFO] [MainThread] [taskbar_window_manager/window_manager.py:196]: TaskbarWindowManager is starting...
2026-05-10 20:37:09,512 [INFO] [MainThread] [root/bar_manager.py:102]: Starting SystemEventListener...
2026-05-10 20:37:09,513 [INFO] [MainThread] [root/bar_manager.py:102]: Starting KomorebiEventListener...
2026-05-10 20:37:09,515 [INFO] [MainThread] [root/watcher.py:65]: Watching directory: c:\users\user\.config\yasb
2026-05-10 20:37:09,516 [INFO] [MainThread] [root/watcher.py:104]: Created file watcher
2026-05-10 20:37:09,515 [INFO] [Dummy-6] [root/event_listener.py:54]: Created named pipe yasb-f6272893-4c6c-11f1-adc4-c89402c1d344
2026-05-10 20:37:09,659 [INFO] [MainThread] [root/update_service.py:434]: Background update checker started
2026-05-10 20:37:09,701 [INFO] [Dummy-6] [root/event_listener.py:147]: Komorebi connected to named pipe: yasb-f6272893-4c6c-11f1-adc4-c89402c1d344
2026-05-10 20:37:09,873 [ERROR] [MainThread] [root/api.py:82]: Weather API invalid JSON response: Expecting value: line 1 column 1 (char 0)
2026-05-10 20:37:09,873 [WARNING] [MainThread] [root/weather.py:591]: Error processing weather data: Weather data is empty.. Retrying fetch in 10 seconds.
2026-05-10 20:37:19,889 [ERROR] [MainThread] [root/api.py:82]: Weather API invalid JSON response: Expecting value: line 1 column 1 (char 0)
2026-05-10 20:37:19,890 [WARNING] [MainThread] [root/weather.py:591]: Error processing weather data: Weather data is empty.. Retrying fetch in 10 seconds.
2026-05-10 20:37:29,902 [ERROR] [MainThread] [root/api.py:82]: Weather API invalid JSON response: Expecting value: line 1 column 1 (char 0)
2026-05-10 20:37:29,902 [WARNING] [MainThread] [root/weather.py:591]: Error processing weather data: Weather data is empty.. Retrying fetch in 10 seconds.
2026-05-10 20:37:39,915 [ERROR] [MainThread] [root/api.py:82]: Weather API invalid JSON response: Expecting value: line 1 column 1 (char 0)
2026-05-10 20:37:39,915 [WARNING] [MainThread] [root/weather.py:591]: Error processing weather data: Weather data is empty.. Retrying fetch in 10 seconds.
2026-05-10 20:37:49,935 [ERROR] [MainThread] [root/api.py:82]: Weather API invalid JSON response: Expecting value: line 1 column 1 (char 0)
2026-05-10 20:37:49,936 [WARNING] [MainThread] [root/weather.py:591]: Error processing weather data: Weather data is empty.. Retrying fetch in 10 seconds.
2026-05-10 20:37:58,501 [WARNING] [MainThread] [deprecation/deprecation.py:133]: [DEPRECATED] BarAlignment: 'center' - Use 'align' instead.
2026-05-10 20:37:58,501 [WARNING] [MainThread] [deprecation/deprecation.py:133]: [DEPRECATED] BarBlurEffect: 'acrylic' - No longer supported and can be removed from the config.
2026-05-10 20:37:58,502 [INFO] [MainThread] [root/controller.py:21]: Reloading Application because of config change.
2026-05-10 20:37:58,612 [INFO] [MainThread] [cli_server/cli_server.py:114]: Log pipe server stopped
2026-05-10 20:37:58,620 [INFO] [MainThread] [root/bar_manager.py:92]: Successfully loaded updated config and re-initialised all bars.
2026-05-10 20:37:58,746 [INFO] [MainThread] [root/bar_manager.py:118]: Stopping SystemEventListener...
2026-05-10 20:37:58,750 [INFO] [MainThread] [root/bar_manager.py:118]: Stopping KomorebiEventListener...
2026-05-10 20:37:58,756 [INFO] [MainThread] [taskbar_window_manager/window_manager.py:223]: TaskbarWindowManager stopped
2026-05-10 20:37:59,430 [INFO] [MainThread] [root/log.py:104]: YASB v2.0.0
2026-05-10 20:37:59,430 [INFO] [CLIPipeServer] [cli_server/cli_server.py:216]: CLI server started v1.1.7
2026-05-10 20:37:59,431 [INFO] [MainThread] [cli_server/cli_server.py:106]: Log pipe server started
2026-05-10 20:37:59,480 [WARNING] [MainThread] [deprecation/deprecation.py:133]: [DEPRECATED] BarAlignment: 'center' - Use 'align' instead.
2026-05-10 20:37:59,481 [WARNING] [MainThread] [deprecation/deprecation.py:133]: [DEPRECATED] BarBlurEffect: 'acrylic' - No longer supported and can be removed from the config.
2026-05-10 20:37:59,522 [WARNING] [MainThread] [deprecation/deprecation.py:133]: [DEPRECATED] KomorebiWorkspacesConfig: 'animation' - Use CSS animations instead.
2026-05-10 20:38:00,001 [INFO] [MainThread] [root/service.py:103]: UpdateCheckService initialized...
2026-05-10 20:38:00,031 [WARNING] [MainThread] [deprecation/deprecation.py:133]: [DEPRECATED] GalleryConfig: 'lazy_load_delay' - No longer supported and can be removed from the config.
2026-05-10 20:38:00,031 [WARNING] [MainThread] [deprecation/deprecation.py:133]: [DEPRECATED] GalleryConfig: 'enable_cache' - No longer supported and can be removed from the config.
2026-05-10 20:38:00,053 [INFO] [MainThread] [root/api.py:62]: GitHubDataManager started...
2026-05-10 20:38:00,147 [INFO] [MainThread] [root/service.py:52]: AudioOutputService starting...
2026-05-10 20:38:00,351 [INFO] [MainThread] [taskbar_window_manager/window_manager.py:196]: TaskbarWindowManager is starting...
2026-05-10 20:38:00,358 [INFO] [MainThread] [root/bar_manager.py:102]: Starting SystemEventListener...
2026-05-10 20:38:00,358 [INFO] [MainThread] [root/bar_manager.py:102]: Starting KomorebiEventListener...
2026-05-10 20:38:00,361 [INFO] [MainThread] [root/watcher.py:65]: Watching directory: c:\users\user\.config\yasb
2026-05-10 20:38:00,362 [INFO] [MainThread] [root/watcher.py:104]: Created file watcher
2026-05-10 20:38:00,362 [INFO] [Dummy-6] [root/event_listener.py:54]: Created named pipe yasb-147587da-4c6d-11f1-a26d-c89402c1d344
2026-05-10 20:38:00,438 [INFO] [MainThread] [root/update_service.py:434]: Background update checker started
2026-05-10 20:38:00,530 [INFO] [Dummy-6] [root/event_listener.py:147]: Komorebi connected to named pipe: yasb-147587da-4c6d-11f1-a26d-c89402c1d344
2026-05-10 20:38:00,835 [ERROR] [MainThread] [root/api.py:82]: Weather API invalid JSON response: Expecting value: line 1 column 1 (char 0)
2026-05-10 20:38:00,835 [WARNING] [MainThread] [root/weather.py:591]: Error processing weather data: Weather data is empty.. Retrying fetch in 10 seconds.
2026-05-10 20:38:10,930 [ERROR] [MainThread] [root/api.py:82]: Weather API invalid JSON response: Expecting value: line 1 column 1 (char 0)
2026-05-10 20:38:10,930 [WARNING] [MainThread] [root/weather.py:591]: Error processing weather data: Weather data is empty.. Retrying fetch in 10 seconds.
2026-05-10 20:38:11,517 [WARNING] [MainThread] [deprecation/deprecation.py:133]: [DEPRECATED] BarAlignment: 'center' - Use 'align' instead.
2026-05-10 20:38:11,517 [WARNING] [MainThread] [deprecation/deprecation.py:133]: [DEPRECATED] BarBlurEffect: 'acrylic' - No longer supported and can be removed from the config.
2026-05-10 20:38:11,518 [INFO] [MainThread] [root/controller.py:21]: Reloading Application because of config change.
2026-05-10 20:38:11,630 [INFO] [MainThread] [cli_server/cli_server.py:114]: Log pipe server stopped
2026-05-10 20:38:11,639 [INFO] [MainThread] [root/bar_manager.py:92]: Successfully loaded updated config and re-initialised all bars.
2026-05-10 20:38:11,761 [INFO] [MainThread] [root/bar_manager.py:118]: Stopping SystemEventListener...
2026-05-10 20:38:11,769 [INFO] [MainThread] [root/bar_manager.py:118]: Stopping KomorebiEventListener...
2026-05-10 20:38:11,775 [INFO] [MainThread] [taskbar_window_manager/window_manager.py:223]: TaskbarWindowManager stopped
2026-05-10 20:38:12,547 [INFO] [MainThread] [root/log.py:104]: YASB v2.0.0
2026-05-10 20:38:12,548 [INFO] [CLIPipeServer] [cli_server/cli_server.py:216]: CLI server started v1.1.7
2026-05-10 20:38:12,549 [INFO] [MainThread] [cli_server/cli_server.py:106]: Log pipe server started
2026-05-10 20:38:12,598 [WARNING] [MainThread] [deprecation/deprecation.py:133]: [DEPRECATED] BarAlignment: 'center' - Use 'align' instead.
2026-05-10 20:38:12,598 [WARNING] [MainThread] [deprecation/deprecation.py:133]: [DEPRECATED] BarBlurEffect: 'acrylic' - No longer supported and can be removed from the config.
2026-05-10 20:38:12,645 [WARNING] [MainThread] [deprecation/deprecation.py:133]: [DEPRECATED] KomorebiWorkspacesConfig: 'animation' - Use CSS animations instead.
2026-05-10 20:38:13,168 [INFO] [MainThread] [root/service.py:103]: UpdateCheckService initialized...
2026-05-10 20:38:13,197 [WARNING] [MainThread] [deprecation/deprecation.py:133]: [DEPRECATED] GalleryConfig: 'lazy_load_delay' - No longer supported and can be removed from the config.
2026-05-10 20:38:13,197 [WARNING] [MainThread] [deprecation/deprecation.py:133]: [DEPRECATED] GalleryConfig: 'enable_cache' - No longer supported and can be removed from the config.
2026-05-10 20:38:13,218 [INFO] [MainThread] [root/api.py:62]: GitHubDataManager started...
2026-05-10 20:38:13,308 [INFO] [MainThread] [root/service.py:52]: AudioOutputService starting...
2026-05-10 20:38:13,510 [INFO] [MainThread] [taskbar_window_manager/window_manager.py:196]: TaskbarWindowManager is starting...
2026-05-10 20:38:13,514 [INFO] [MainThread] [root/bar_manager.py:102]: Starting KomorebiEventListener...
2026-05-10 20:38:13,514 [INFO] [MainThread] [root/bar_manager.py:102]: Starting SystemEventListener...
2026-05-10 20:38:13,516 [INFO] [MainThread] [root/watcher.py:65]: Watching directory: c:\users\user\.config\yasb
2026-05-10 20:38:13,516 [INFO] [MainThread] [root/watcher.py:104]: Created file watcher
2026-05-10 20:38:13,517 [INFO] [Dummy-6] [root/event_listener.py:54]: Created named pipe yasb-1c4cf1f1-4c6d-11f1-8bd0-c89402c1d344
2026-05-10 20:38:13,586 [INFO] [MainThread] [root/update_service.py:434]: Background update checker started
2026-05-10 20:38:13,726 [INFO] [Dummy-6] [root/event_listener.py:147]: Komorebi connected to named pipe: yasb-1c4cf1f1-4c6d-11f1-8bd0-c89402c1d344
2026-05-10 20:38:13,754 [ERROR] [MainThread] [root/api.py:82]: Weather API invalid JSON response: Expecting value: line 1 column 1 (char 0)
2026-05-10 20:38:13,754 [WARNING] [MainThread] [root/weather.py:591]: Error processing weather data: Weather data is empty.. Retrying fetch in 10 seconds.
2026-05-10 20:38:23,795 [ERROR] [MainThread] [root/api.py:82]: Weather API invalid JSON response: Expecting value: line 1 column 1 (char 0)
2026-05-10 20:38:23,796 [WARNING] [MainThread] [root/weather.py:591]: Error processing weather data: Weather data is empty.. Retrying fetch in 10 seconds.
2026-05-10 20:38:33,814 [ERROR] [MainThread] [root/api.py:82]: Weather API invalid JSON response: Expecting value: line 1 column 1 (char 0)
2026-05-10 20:38:33,815 [WARNING] [MainThread] [root/weather.py:591]: Error processing weather data: Weather data is empty.. Retrying fetch in 10 seconds.
2026-05-10 20:38:43,334 [WARNING] [MainThread] [deprecation/deprecation.py:133]: [DEPRECATED] BarAlignment: 'center' - Use 'align' instead.
2026-05-10 20:38:43,334 [WARNING] [MainThread] [deprecation/deprecation.py:133]: [DEPRECATED] BarBlurEffect: 'acrylic' - No longer supported and can be removed from the config.
2026-05-10 20:38:43,335 [INFO] [MainThread] [root/controller.py:21]: Reloading Application because of config change.
2026-05-10 20:38:43,441 [INFO] [MainThread] [cli_server/cli_server.py:114]: Log pipe server stopped
2026-05-10 20:38:43,449 [INFO] [MainThread] [root/bar_manager.py:92]: Successfully loaded updated config and re-initialised all bars.
2026-05-10 20:38:43,570 [INFO] [MainThread] [root/bar_manager.py:118]: Stopping KomorebiEventListener...
2026-05-10 20:38:43,576 [INFO] [MainThread] [root/bar_manager.py:118]: Stopping SystemEventListener...
2026-05-10 20:38:43,582 [INFO] [MainThread] [taskbar_window_manager/window_manager.py:223]: TaskbarWindowManager stopped
2026-05-10 20:38:44,302 [INFO] [MainThread] [root/log.py:104]: YASB v2.0.0
2026-05-10 20:38:44,303 [INFO] [CLIPipeServer] [cli_server/cli_server.py:216]: CLI server started v1.1.7
2026-05-10 20:38:44,304 [INFO] [MainThread] [cli_server/cli_server.py:106]: Log pipe server started
2026-05-10 20:38:44,352 [WARNING] [MainThread] [deprecation/deprecation.py:133]: [DEPRECATED] BarAlignment: 'center' - Use 'align' instead.
2026-05-10 20:38:44,352 [WARNING] [MainThread] [deprecation/deprecation.py:133]: [DEPRECATED] BarBlurEffect: 'acrylic' - No longer supported and can be removed from the config.
2026-05-10 20:38:44,395 [WARNING] [MainThread] [deprecation/deprecation.py:133]: [DEPRECATED] KomorebiWorkspacesConfig: 'animation' - Use CSS animations instead.
2026-05-10 20:38:44,404 [WARNING] [MainThread] [root/widget_builder.py:39]: No widget config could be found for widget 'clocl
2026-05-10 20:38:44,435 [INFO] [MainThread] [root/service.py:103]: UpdateCheckService initialized...
2026-05-10 20:38:44,466 [WARNING] [MainThread] [deprecation/deprecation.py:133]: [DEPRECATED] GalleryConfig: 'lazy_load_delay' - No longer supported and can be removed from the config.
2026-05-10 20:38:44,466 [WARNING] [MainThread] [deprecation/deprecation.py:133]: [DEPRECATED] GalleryConfig: 'enable_cache' - No longer supported and can be removed from the config.
2026-05-10 20:38:44,489 [INFO] [MainThread] [root/api.py:62]: GitHubDataManager started...
2026-05-10 20:38:44,579 [INFO] [MainThread] [root/service.py:52]: AudioOutputService starting...
2026-05-10 20:38:45,180 [INFO] [MainThread] [taskbar_window_manager/window_manager.py:196]: TaskbarWindowManager is starting...
2026-05-10 20:38:45,185 [INFO] [MainThread] [root/bar_manager.py:102]: Starting KomorebiEventListener...
2026-05-10 20:38:45,186 [INFO] [MainThread] [root/bar_manager.py:102]: Starting SystemEventListener...
2026-05-10 20:38:45,186 [ERROR] [MainThread] [root/widget_builder.py:100]: Failed to add undefined widget(s)  - The widget "clocl" is undefined.
2026-05-10 20:38:45,189 [INFO] [Dummy-4] [root/event_listener.py:54]: Created named pipe yasb-2f2d9e1c-4c6d-11f1-be38-c89402c1d344
2026-05-10 20:38:45,278 [INFO] [MainThread] [root/watcher.py:65]: Watching directory: c:\users\user\.config\yasb
2026-05-10 20:38:45,278 [INFO] [MainThread] [root/watcher.py:104]: Created file watcher
2026-05-10 20:38:45,319 [INFO] [MainThread] [root/update_service.py:434]: Background update checker started
2026-05-10 20:38:45,392 [INFO] [Dummy-4] [root/event_listener.py:147]: Komorebi connected to named pipe: yasb-2f2d9e1c-4c6d-11f1-be38-c89402c1d344
2026-05-10 20:38:45,693 [ERROR] [MainThread] [root/api.py:82]: Weather API invalid JSON response: Expecting value: line 1 column 1 (char 0)
2026-05-10 20:38:45,694 [WARNING] [MainThread] [root/weather.py:591]: Error processing weather data: Weather data is empty.. Retrying fetch in 10 seconds.
2026-05-10 20:38:53,845 [WARNING] [MainThread] [deprecation/deprecation.py:133]: [DEPRECATED] BarAlignment: 'center' - Use 'align' instead.
2026-05-10 20:38:53,846 [WARNING] [MainThread] [deprecation/deprecation.py:133]: [DEPRECATED] BarBlurEffect: 'acrylic' - No longer supported and can be removed from the config.
2026-05-10 20:38:53,846 [INFO] [MainThread] [root/controller.py:21]: Reloading Application because of config change.
2026-05-10 20:38:53,962 [INFO] [MainThread] [cli_server/cli_server.py:114]: Log pipe server stopped
2026-05-10 20:38:53,969 [INFO] [MainThread] [root/bar_manager.py:92]: Successfully loaded updated config and re-initialised all bars.
2026-05-10 20:38:54,087 [INFO] [MainThread] [root/bar_manager.py:118]: Stopping KomorebiEventListener...
2026-05-10 20:38:54,091 [INFO] [MainThread] [root/bar_manager.py:118]: Stopping SystemEventListener...
2026-05-10 20:38:54,100 [INFO] [MainThread] [taskbar_window_manager/window_manager.py:223]: TaskbarWindowManager stopped
2026-05-10 20:38:54,753 [INFO] [MainThread] [root/log.py:104]: YASB v2.0.0
2026-05-10 20:38:54,754 [INFO] [CLIPipeServer] [cli_server/cli_server.py:216]: CLI server started v1.1.7
2026-05-10 20:38:54,755 [INFO] [MainThread] [cli_server/cli_server.py:106]: Log pipe server started
2026-05-10 20:38:54,804 [WARNING] [MainThread] [deprecation/deprecation.py:133]: [DEPRECATED] BarAlignment: 'center' - Use 'align' instead.
2026-05-10 20:38:54,804 [WARNING] [MainThread] [deprecation/deprecation.py:133]: [DEPRECATED] BarBlurEffect: 'acrylic' - No longer supported and can be removed from the config.
2026-05-10 20:38:54,847 [WARNING] [MainThread] [deprecation/deprecation.py:133]: [DEPRECATED] KomorebiWorkspacesConfig: 'animation' - Use CSS animations instead.
2026-05-10 20:38:55,328 [INFO] [MainThread] [root/service.py:103]: UpdateCheckService initialized...
2026-05-10 20:38:55,355 [WARNING] [MainThread] [deprecation/deprecation.py:133]: [DEPRECATED] GalleryConfig: 'lazy_load_delay' - No longer supported and can be removed from the config.
2026-05-10 20:38:55,355 [WARNING] [MainThread] [deprecation/deprecation.py:133]: [DEPRECATED] GalleryConfig: 'enable_cache' - No longer supported and can be removed from the config.
2026-05-10 20:38:55,378 [INFO] [MainThread] [root/api.py:62]: GitHubDataManager started...
2026-05-10 20:38:55,466 [INFO] [MainThread] [root/service.py:52]: AudioOutputService starting...
2026-05-10 20:38:55,668 [INFO] [MainThread] [taskbar_window_manager/window_manager.py:196]: TaskbarWindowManager is starting...
2026-05-10 20:38:55,673 [INFO] [MainThread] [root/bar_manager.py:102]: Starting SystemEventListener...
2026-05-10 20:38:55,674 [INFO] [MainThread] [root/bar_manager.py:102]: Starting KomorebiEventListener...
2026-05-10 20:38:55,675 [INFO] [MainThread] [root/watcher.py:65]: Watching directory: c:\users\user\.config\yasb
2026-05-10 20:38:55,675 [INFO] [MainThread] [root/watcher.py:104]: Created file watcher
2026-05-10 20:38:55,730 [INFO] [Dummy-6] [root/event_listener.py:54]: Created named pipe yasb-356dfd63-4c6d-11f1-9f6f-c89402c1d344
2026-05-10 20:38:55,738 [INFO] [MainThread] [root/update_service.py:434]: Background update checker started
2026-05-10 20:38:55,885 [ERROR] [MainThread] [root/api.py:82]: Weather API invalid JSON response: Expecting value: line 1 column 1 (char 0)
2026-05-10 20:38:55,885 [WARNING] [MainThread] [root/weather.py:591]: Error processing weather data: Weather data is empty.. Retrying fetch in 10 seconds.
2026-05-10 20:38:55,930 [INFO] [Dummy-6] [root/event_listener.py:147]: Komorebi connected to named pipe: yasb-356dfd63-4c6d-11f1-9f6f-c89402c1d344
2026-05-10 20:39:06,565 [ERROR] [MainThread] [root/api.py:82]: Weather API invalid JSON response: Expecting value: line 1 column 1 (char 0)
2026-05-10 20:39:06,566 [WARNING] [MainThread] [root/weather.py:591]: Error processing weather data: Weather data is empty.. Retrying fetch in 10 seconds.
2026-05-10 20:39:16,634 [ERROR] [MainThread] [root/api.py:82]: Weather API invalid JSON response: Expecting value: line 1 column 1 (char 0)
2026-05-10 20:39:16,634 [WARNING] [MainThread] [root/weather.py:591]: Error processing weather data: Weather data is empty.. Retrying fetch in 10 seconds.
2026-05-10 20:39:26,641 [ERROR] [MainThread] [root/api.py:82]: Weather API invalid JSON response: Expecting value: line 1 column 1 (char 0)
2026-05-10 20:39:26,641 [WARNING] [MainThread] [root/weather.py:591]: Error processing weather data: Weather data is empty.. Retrying fetch in 10 seconds.
2026-05-10 20:39:32,063 [WARNING] [MainThread] [deprecation/deprecation.py:133]: [DEPRECATED] BarAlignment: 'center' - Use 'align' instead.
2026-05-10 20:39:32,063 [WARNING] [MainThread] [deprecation/deprecation.py:133]: [DEPRECATED] BarBlurEffect: 'acrylic' - No longer supported and can be removed from the config.
2026-05-10 20:39:32,064 [INFO] [MainThread] [root/controller.py:21]: Reloading Application because of config change.
2026-05-10 20:39:32,173 [INFO] [MainThread] [cli_server/cli_server.py:114]: Log pipe server stopped
2026-05-10 20:39:32,181 [INFO] [MainThread] [root/bar_manager.py:92]: Successfully loaded updated config and re-initialised all bars.
2026-05-10 20:39:32,296 [INFO] [MainThread] [root/bar_manager.py:118]: Stopping SystemEventListener...
2026-05-10 20:39:32,306 [INFO] [MainThread] [root/bar_manager.py:118]: Stopping KomorebiEventListener...
2026-05-10 20:39:32,311 [INFO] [MainThread] [taskbar_window_manager/window_manager.py:223]: TaskbarWindowManager stopped
2026-05-10 20:39:33,022 [INFO] [MainThread] [root/log.py:104]: YASB v2.0.0
2026-05-10 20:39:33,022 [INFO] [CLIPipeServer] [cli_server/cli_server.py:216]: CLI server started v1.1.7
2026-05-10 20:39:33,023 [INFO] [MainThread] [cli_server/cli_server.py:106]: Log pipe server started
2026-05-10 20:39:33,074 [WARNING] [MainThread] [deprecation/deprecation.py:133]: [DEPRECATED] BarAlignment: 'center' - Use 'align' instead.
2026-05-10 20:39:33,075 [WARNING] [MainThread] [deprecation/deprecation.py:133]: [DEPRECATED] BarBlurEffect: 'acrylic' - No longer supported and can be removed from the config.
2026-05-10 20:39:33,120 [WARNING] [MainThread] [deprecation/deprecation.py:133]: [DEPRECATED] KomorebiWorkspacesConfig: 'animation' - Use CSS animations instead.
2026-05-10 20:39:33,662 [INFO] [MainThread] [root/service.py:103]: UpdateCheckService initialized...
2026-05-10 20:39:33,755 [INFO] [MainThread] [root/service.py:52]: AudioOutputService starting...
2026-05-10 20:39:33,958 [INFO] [MainThread] [taskbar_window_manager/window_manager.py:196]: TaskbarWindowManager is starting...
2026-05-10 20:39:33,965 [INFO] [MainThread] [root/bar_manager.py:102]: Starting KomorebiEventListener...
2026-05-10 20:39:33,966 [INFO] [MainThread] [root/bar_manager.py:102]: Starting SystemEventListener...
2026-05-10 20:39:33,968 [INFO] [MainThread] [root/watcher.py:65]: Watching directory: c:\users\user\.config\yasb
2026-05-10 20:39:33,969 [INFO] [MainThread] [root/watcher.py:104]: Created file watcher
2026-05-10 20:39:33,969 [INFO] [Dummy-6] [root/event_listener.py:54]: Created named pipe yasb-4c40d229-4c6d-11f1-afde-c89402c1d344
2026-05-10 20:39:34,071 [INFO] [MainThread] [root/update_service.py:434]: Background update checker started
2026-05-10 20:39:34,150 [INFO] [Dummy-6] [root/event_listener.py:147]: Komorebi connected to named pipe: yasb-4c40d229-4c6d-11f1-afde-c89402c1d344
2026-05-10 20:39:34,329 [ERROR] [MainThread] [root/api.py:82]: Weather API invalid JSON response: Expecting value: line 1 column 1 (char 0)
2026-05-10 20:39:34,329 [WARNING] [MainThread] [root/weather.py:591]: Error processing weather data: Weather data is empty.. Retrying fetch in 10 seconds.
2026-05-10 20:39:44,358 [ERROR] [MainThread] [root/api.py:82]: Weather API invalid JSON response: Expecting value: line 1 column 1 (char 0)
2026-05-10 20:39:44,358 [WARNING] [MainThread] [root/weather.py:591]: Error processing weather data: Weather data is empty.. Retrying fetch in 10 seconds.
2026-05-10 20:39:54,361 [ERROR] [MainThread] [root/api.py:82]: Weather API invalid JSON response: Expecting value: line 1 column 1 (char 0)
2026-05-10 20:39:54,362 [WARNING] [MainThread] [root/weather.py:591]: Error processing weather data: Weather data is empty.. Retrying fetch in 10 seconds.
2026-05-10 20:40:04,419 [ERROR] [MainThread] [root/api.py:82]: Weather API invalid JSON response: Expecting value: line 1 column 1 (char 0)
2026-05-10 20:40:04,420 [WARNING] [MainThread] [root/weather.py:591]: Error processing weather data: Weather data is empty.. Retrying fetch in 10 seconds.
2026-05-10 20:40:14,461 [ERROR] [MainThread] [root/api.py:82]: Weather API invalid JSON response: Expecting value: line 1 column 1 (char 0)
2026-05-10 20:40:14,461 [WARNING] [MainThread] [root/weather.py:591]: Error processing weather data: Weather data is empty.. Retrying fetch in 10 seconds.
2026-05-10 20:40:24,472 [ERROR] [MainThread] [root/api.py:82]: Weather API invalid JSON response: Expecting value: line 1 column 1 (char 0)
2026-05-10 20:40:24,472 [WARNING] [MainThread] [root/weather.py:591]: Error processing weather data: Weather data is empty.. Retrying fetch in 10 seconds.
2026-05-10 20:40:34,507 [ERROR] [MainThread] [root/api.py:82]: Weather API invalid JSON response: Expecting value: line 1 column 1 (char 0)
2026-05-10 20:40:34,507 [WARNING] [MainThread] [root/weather.py:591]: Error processing weather data: Weather data is empty.. Retrying fetch in 10 seconds.
2026-05-10 20:40:44,524 [ERROR] [MainThread] [root/api.py:82]: Weather API invalid JSON response: Expecting value: line 1 column 1 (char 0)
2026-05-10 20:40:44,524 [WARNING] [MainThread] [root/weather.py:591]: Error processing weather data: Weather data is empty.. Retrying fetch in 10 seconds.
2026-05-10 20:40:54,538 [ERROR] [MainThread] [root/api.py:82]: Weather API invalid JSON response: Expecting value: line 1 column 1 (char 0)
2026-05-10 20:40:54,538 [WARNING] [MainThread] [root/weather.py:591]: Error processing weather data: Weather data is empty.. Retrying fetch in 10 seconds.
2026-05-10 20:41:04,552 [ERROR] [MainThread] [root/api.py:82]: Weather API invalid JSON response: Expecting value: line 1 column 1 (char 0)
2026-05-10 20:41:04,552 [WARNING] [MainThread] [root/weather.py:591]: Error processing weather data: Weather data is empty.. Retrying fetch in 10 seconds.
2026-05-10 20:41:14,630 [ERROR] [MainThread] [root/api.py:82]: Weather API invalid JSON response: Expecting value: line 1 column 1 (char 0)
2026-05-10 20:41:14,631 [WARNING] [MainThread] [root/weather.py:591]: Error processing weather data: Weather data is empty.. Retrying fetch in 10 seconds.
2026-05-10 20:41:24,654 [ERROR] [MainThread] [root/api.py:82]: Weather API invalid JSON response: Expecting value: line 1 column 1 (char 0)
2026-05-10 20:41:24,654 [WARNING] [MainThread] [root/weather.py:591]: Error processing weather data: Weather data is empty.. Retrying fetch in 10 seconds.
2026-05-10 20:41:34,671 [ERROR] [MainThread] [root/api.py:82]: Weather API invalid JSON response: Expecting value: line 1 column 1 (char 0)
2026-05-10 20:41:34,672 [WARNING] [MainThread] [root/weather.py:591]: Error processing weather data: Weather data is empty.. Retrying fetch in 10 seconds.
2026-05-10 20:41:44,692 [ERROR] [MainThread] [root/api.py:82]: Weather API invalid JSON response: Expecting value: line 1 column 1 (char 0)
2026-05-10 20:41:44,693 [WARNING] [MainThread] [root/weather.py:591]: Error processing weather data: Weather data is empty.. Retrying fetch in 10 seconds.
2026-05-10 20:41:54,710 [ERROR] [MainThread] [root/api.py:82]: Weather API invalid JSON response: Expecting value: line 1 column 1 (char 0)
2026-05-10 20:41:54,710 [WARNING] [MainThread] [root/weather.py:591]: Error processing weather data: Weather data is empty.. Retrying fetch in 10 seconds.
2026-05-10 20:42:04,760 [ERROR] [MainThread] [root/api.py:82]: Weather API invalid JSON response: Expecting value: line 1 column 1 (char 0)
2026-05-10 20:42:04,760 [WARNING] [MainThread] [root/weather.py:591]: Error processing weather data: Weather data is empty.. Retrying fetch in 10 seconds.
2026-05-10 20:42:14,832 [ERROR] [MainThread] [root/api.py:82]: Weather API invalid JSON response: Expecting value: line 1 column 1 (char 0)
2026-05-10 20:42:14,833 [WARNING] [MainThread] [root/weather.py:591]: Error processing weather data: Weather data is empty.. Retrying fetch in 10 seconds.
2026-05-10 20:42:24,849 [ERROR] [MainThread] [root/api.py:82]: Weather API invalid JSON response: Expecting value: line 1 column 1 (char 0)
2026-05-10 20:42:24,849 [WARNING] [MainThread] [root/weather.py:591]: Error processing weather data: Weather data is empty.. Retrying fetch in 10 seconds.
2026-05-10 20:42:34,873 [ERROR] [MainThread] [root/api.py:82]: Weather API invalid JSON response: Expecting value: line 1 column 1 (char 0)
2026-05-10 20:42:34,873 [WARNING] [MainThread] [root/weather.py:591]: Error processing weather data: Weather data is empty.. Retrying fetch in 10 seconds.
2026-05-10 20:42:44,900 [ERROR] [MainThread] [root/api.py:82]: Weather API invalid JSON response: Expecting value: line 1 column 1 (char 0)
2026-05-10 20:42:44,900 [WARNING] [MainThread] [root/weather.py:591]: Error processing weather data: Weather data is empty.. Retrying fetch in 10 seconds.
2026-05-10 20:42:54,957 [ERROR] [MainThread] [root/api.py:82]: Weather API invalid JSON response: Expecting value: line 1 column 1 (char 0)
2026-05-10 20:42:54,957 [WARNING] [MainThread] [root/weather.py:591]: Error processing weather data: Weather data is empty.. Retrying fetch in 10 seconds.
2026-05-10 20:43:04,976 [ERROR] [MainThread] [root/api.py:82]: Weather API invalid JSON response: Expecting value: line 1 column 1 (char 0)
2026-05-10 20:43:04,977 [WARNING] [MainThread] [root/weather.py:591]: Error processing weather data: Weather data is empty.. Retrying fetch in 10 seconds.
2026-05-10 20:43:15,000 [ERROR] [MainThread] [root/api.py:82]: Weather API invalid JSON response: Expecting value: line 1 column 1 (char 0)
2026-05-10 20:43:15,000 [WARNING] [MainThread] [root/weather.py:591]: Error processing weather data: Weather data is empty.. Retrying fetch in 10 seconds.
2026-05-10 20:43:25,027 [ERROR] [MainThread] [root/api.py:82]: Weather API invalid JSON response: Expecting value: line 1 column 1 (char 0)
2026-05-10 20:43:25,028 [WARNING] [MainThread] [root/weather.py:591]: Error processing weather data: Weather data is empty.. Retrying fetch in 10 seconds.
2026-05-10 20:43:35,081 [ERROR] [MainThread] [root/api.py:82]: Weather API invalid JSON response: Expecting value: line 1 column 1 (char 0)
2026-05-10 20:43:35,081 [WARNING] [MainThread] [root/weather.py:591]: Error processing weather data: Weather data is empty.. Retrying fetch in 10 seconds.
2026-05-10 20:43:45,105 [ERROR] [MainThread] [root/api.py:82]: Weather API invalid JSON response: Expecting value: line 1 column 1 (char 0)
2026-05-10 20:43:45,106 [WARNING] [MainThread] [root/weather.py:591]: Error processing weather data: Weather data is empty.. Retrying fetch in 10 seconds.
2026-05-10 20:43:55,112 [ERROR] [MainThread] [root/api.py:82]: Weather API invalid JSON response: Expecting value: line 1 column 1 (char 0)
2026-05-10 20:43:55,112 [WARNING] [MainThread] [root/weather.py:591]: Error processing weather data: Weather data is empty.. Retrying fetch in 10 seconds.
2026-05-10 20:44:05,234 [ERROR] [MainThread] [root/api.py:82]: Weather API invalid JSON response: Expecting value: line 1 column 1 (char 0)
2026-05-10 20:44:05,235 [WARNING] [MainThread] [root/weather.py:591]: Error processing weather data: Weather data is empty.. Retrying fetch in 10 seconds.
2026-05-10 20:44:15,252 [ERROR] [MainThread] [root/api.py:82]: Weather API invalid JSON response: Expecting value: line 1 column 1 (char 0)
2026-05-10 20:44:15,252 [WARNING] [MainThread] [root/weather.py:591]: Error processing weather data: Weather data is empty.. Retrying fetch in 10 seconds.
2026-05-10 20:44:25,279 [ERROR] [MainThread] [root/api.py:82]: Weather API invalid JSON response: Expecting value: line 1 column 1 (char 0)
2026-05-10 20:44:25,279 [WARNING] [MainThread] [root/weather.py:591]: Error processing weather data: Weather data is empty.. Retrying fetch in 10 seconds.
2026-05-10 20:44:35,299 [ERROR] [MainThread] [root/api.py:82]: Weather API invalid JSON response: Expecting value: line 1 column 1 (char 0)
2026-05-10 20:44:35,299 [WARNING] [MainThread] [root/weather.py:591]: Error processing weather data: Weather data is empty.. Retrying fetch in 10 seconds.
2026-05-10 20:44:45,317 [ERROR] [MainThread] [root/api.py:82]: Weather API invalid JSON response: Expecting value: line 1 column 1 (char 0)
2026-05-10 20:44:45,317 [WARNING] [MainThread] [root/weather.py:591]: Error processing weather data: Weather data is empty.. Retrying fetch in 10 seconds.
2026-05-10 20:44:55,343 [ERROR] [MainThread] [root/api.py:82]: Weather API invalid JSON response: Expecting value: line 1 column 1 (char 0)
2026-05-10 20:44:55,343 [WARNING] [MainThread] [root/weather.py:591]: Error processing weather data: Weather data is empty.. Retrying fetch in 10 seconds.
2026-05-10 20:45:05,345 [ERROR] [MainThread] [root/api.py:82]: Weather API invalid JSON response: Expecting value: line 1 column 1 (char 0)
2026-05-10 20:45:05,345 [WARNING] [MainThread] [root/weather.py:591]: Error processing weather data: Weather data is empty.. Retrying fetch in 10 seconds.
2026-05-10 20:45:15,388 [ERROR] [MainThread] [root/api.py:82]: Weather API invalid JSON response: Expecting value: line 1 column 1 (char 0)
2026-05-10 20:45:15,388 [WARNING] [MainThread] [root/weather.py:591]: Error processing weather data: Weather data is empty.. Retrying fetch in 10 seconds.
2026-05-10 20:45:25,401 [ERROR] [MainThread] [root/api.py:82]: Weather API invalid JSON response: Expecting value: line 1 column 1 (char 0)
2026-05-10 20:45:25,402 [WARNING] [MainThread] [root/weather.py:591]: Error processing weather data: Weather data is empty.. Retrying fetch in 10 seconds.
2026-05-10 20:45:35,416 [ERROR] [MainThread] [root/api.py:82]: Weather API invalid JSON response: Expecting value: line 1 column 1 (char 0)
2026-05-10 20:45:35,416 [WARNING] [MainThread] [root/weather.py:591]: Error processing weather data: Weather data is empty.. Retrying fetch in 10 seconds.
2026-05-10 20:45:45,428 [ERROR] [MainThread] [root/api.py:82]: Weather API invalid JSON response: Expecting value: line 1 column 1 (char 0)
2026-05-10 20:45:45,428 [WARNING] [MainThread] [root/weather.py:591]: Error processing weather data: Weather data is empty.. Retrying fetch in 10 seconds.
2026-05-10 20:45:55,446 [ERROR] [MainThread] [root/api.py:82]: Weather API invalid JSON response: Expecting value: line 1 column 1 (char 0)
2026-05-10 20:45:55,446 [WARNING] [MainThread] [root/weather.py:591]: Error processing weather data: Weather data is empty.. Retrying fetch in 10 seconds.
2026-05-10 20:46:05,466 [ERROR] [MainThread] [root/api.py:82]: Weather API invalid JSON response: Expecting value: line 1 column 1 (char 0)
2026-05-10 20:46:05,466 [WARNING] [MainThread] [root/weather.py:591]: Error processing weather data: Weather data is empty.. Retrying fetch in 10 seconds.
2026-05-10 20:46:15,480 [ERROR] [MainThread] [root/api.py:82]: Weather API invalid JSON response: Expecting value: line 1 column 1 (char 0)
2026-05-10 20:46:15,480 [WARNING] [MainThread] [root/weather.py:591]: Error processing weather data: Weather data is empty.. Retrying fetch in 10 seconds.
2026-05-10 20:46:25,630 [ERROR] [MainThread] [root/api.py:82]: Weather API invalid JSON response: Expecting value: line 1 column 1 (char 0)
2026-05-10 20:46:25,631 [WARNING] [MainThread] [root/weather.py:591]: Error processing weather data: Weather data is empty.. Retrying fetch in 10 seconds.
2026-05-10 20:46:35,975 [ERROR] [MainThread] [root/api.py:82]: Weather API invalid JSON response: Expecting value: line 1 column 1 (char 0)
2026-05-10 20:46:35,976 [WARNING] [MainThread] [root/weather.py:591]: Error processing weather data: Weather data is empty.. Retrying fetch in 10 seconds.
2026-05-10 20:46:46,002 [ERROR] [MainThread] [root/api.py:82]: Weather API invalid JSON response: Expecting value: line 1 column 1 (char 0)
2026-05-10 20:46:46,002 [WARNING] [MainThread] [root/weather.py:591]: Error processing weather data: Weather data is empty.. Retrying fetch in 10 seconds.
2026-05-10 20:46:56,041 [ERROR] [MainThread] [root/api.py:82]: Weather API invalid JSON response: Expecting value: line 1 column 1 (char 0)
2026-05-10 20:46:56,041 [WARNING] [MainThread] [root/weather.py:591]: Error processing weather data: Weather data is empty.. Retrying fetch in 10 seconds.
2026-05-10 20:47:06,061 [ERROR] [MainThread] [root/api.py:82]: Weather API invalid JSON response: Expecting value: line 1 column 1 (char 0)
2026-05-10 20:47:06,061 [WARNING] [MainThread] [root/weather.py:591]: Error processing weather data: Weather data is empty.. Retrying fetch in 10 seconds.
2026-05-10 20:47:16,076 [ERROR] [MainThread] [root/api.py:82]: Weather API invalid JSON response: Expecting value: line 1 column 1 (char 0)
2026-05-10 20:47:16,077 [WARNING] [MainThread] [root/weather.py:591]: Error processing weather data: Weather data is empty.. Retrying fetch in 10 seconds.
2026-05-10 20:47:26,090 [ERROR] [MainThread] [root/api.py:82]: Weather API invalid JSON response: Expecting value: line 1 column 1 (char 0)
2026-05-10 20:47:26,091 [WARNING] [MainThread] [root/weather.py:591]: Error processing weather data: Weather data is empty.. Retrying fetch in 10 seconds.
2026-05-10 20:47:36,113 [ERROR] [MainThread] [root/api.py:82]: Weather API invalid JSON response: Expecting value: line 1 column 1 (char 0)
2026-05-10 20:47:36,114 [WARNING] [MainThread] [root/weather.py:591]: Error processing weather data: Weather data is empty.. Retrying fetch in 10 seconds.
2026-05-10 20:47:46,133 [ERROR] [MainThread] [root/api.py:82]: Weather API invalid JSON response: Expecting value: line 1 column 1 (char 0)
2026-05-10 20:47:46,133 [WARNING] [MainThread] [root/weather.py:591]: Error processing weather data: Weather data is empty.. Retrying fetch in 10 seconds.
2026-05-10 20:47:56,150 [ERROR] [MainThread] [root/api.py:82]: Weather API invalid JSON response: Expecting value: line 1 column 1 (char 0)
2026-05-10 20:47:56,150 [WARNING] [MainThread] [root/weather.py:591]: Error processing weather data: Weather data is empty.. Retrying fetch in 10 seconds.
2026-05-10 20:48:06,166 [ERROR] [MainThread] [root/api.py:82]: Weather API invalid JSON response: Expecting value: line 1 column 1 (char 0)
2026-05-10 20:48:06,167 [WARNING] [MainThread] [root/weather.py:591]: Error processing weather data: Weather data is empty.. Retrying fetch in 10 seconds.
2026-05-10 20:48:16,185 [ERROR] [MainThread] [root/api.py:82]: Weather API invalid JSON response: Expecting value: line 1 column 1 (char 0)
2026-05-10 20:48:16,185 [WARNING] [MainThread] [root/weather.py:591]: Error processing weather data: Weather data is empty.. Retrying fetch in 10 seconds.
2026-05-10 20:48:26,203 [ERROR] [MainThread] [root/api.py:82]: Weather API invalid JSON response: Expecting value: line 1 column 1 (char 0)
2026-05-10 20:48:26,203 [WARNING] [MainThread] [root/weather.py:591]: Error processing weather data: Weather data is empty.. Retrying fetch in 10 seconds.
2026-05-10 20:48:36,240 [ERROR] [MainThread] [root/api.py:82]: Weather API invalid JSON response: Expecting value: line 1 column 1 (char 0)
2026-05-10 20:48:36,240 [WARNING] [MainThread] [root/weather.py:591]: Error processing weather data: Weather data is empty.. Retrying fetch in 10 seconds.
2026-05-10 20:48:46,284 [ERROR] [MainThread] [root/api.py:82]: Weather API invalid JSON response: Expecting value: line 1 column 1 (char 0)
2026-05-10 20:48:46,285 [WARNING] [MainThread] [root/weather.py:591]: Error processing weather data: Weather data is empty.. Retrying fetch in 10 seconds.
2026-05-10 20:48:56,308 [ERROR] [MainThread] [root/api.py:82]: Weather API invalid JSON response: Expecting value: line 1 column 1 (char 0)
2026-05-10 20:48:56,308 [WARNING] [MainThread] [root/weather.py:591]: Error processing weather data: Weather data is empty.. Retrying fetch in 10 seconds.
2026-05-10 20:49:06,331 [ERROR] [MainThread] [root/api.py:82]: Weather API invalid JSON response: Expecting value: line 1 column 1 (char 0)
2026-05-10 20:49:06,331 [WARNING] [MainThread] [root/weather.py:591]: Error processing weather data: Weather data is empty.. Retrying fetch in 10 seconds.
2026-05-10 20:49:16,391 [ERROR] [MainThread] [root/api.py:82]: Weather API invalid JSON response: Expecting value: line 1 column 1 (char 0)
2026-05-10 20:49:16,391 [WARNING] [MainThread] [root/weather.py:591]: Error processing weather data: Weather data is empty.. Retrying fetch in 10 seconds.
2026-05-10 20:49:26,417 [ERROR] [MainThread] [root/api.py:82]: Weather API invalid JSON response: Expecting value: line 1 column 1 (char 0)
2026-05-10 20:49:26,417 [WARNING] [MainThread] [root/weather.py:591]: Error processing weather data: Weather data is empty.. Retrying fetch in 10 seconds.
2026-05-10 20:49:33,727 [ERROR] [MainThread] [root/api.py:82]: Weather API invalid JSON response: Expecting value: line 1 column 1 (char 0)
2026-05-10 20:49:36,432 [ERROR] [MainThread] [root/api.py:82]: Weather API invalid JSON response: Expecting value: line 1 column 1 (char 0)
2026-05-10 20:49:36,432 [WARNING] [MainThread] [root/weather.py:591]: Error processing weather data: Weather data is empty.. Retrying fetch in 10 seconds.
2026-05-10 20:49:46,453 [ERROR] [MainThread] [root/api.py:82]: Weather API invalid JSON response: Expecting value: line 1 column 1 (char 0)
2026-05-10 20:49:46,453 [WARNING] [MainThread] [root/weather.py:591]: Error processing weather data: Weather data is empty.. Retrying fetch in 10 seconds.
2026-05-10 20:49:56,476 [ERROR] [MainThread] [root/api.py:82]: Weather API invalid JSON response: Expecting value: line 1 column 1 (char 0)
2026-05-10 20:49:56,476 [WARNING] [MainThread] [root/weather.py:591]: Error processing weather data: Weather data is empty.. Retrying fetch in 10 seconds.
2026-05-10 20:50:06,502 [ERROR] [MainThread] [root/api.py:82]: Weather API invalid JSON response: Expecting value: line 1 column 1 (char 0)
2026-05-10 20:50:06,502 [WARNING] [MainThread] [root/weather.py:591]: Error processing weather data: Weather data is empty.. Retrying fetch in 10 seconds.
2026-05-10 20:50:16,533 [ERROR] [MainThread] [root/api.py:82]: Weather API invalid JSON response: Expecting value: line 1 column 1 (char 0)
2026-05-10 20:50:16,533 [WARNING] [MainThread] [root/weather.py:591]: Error processing weather data: Weather data is empty.. Retrying fetch in 10 seconds.
2026-05-10 20:50:26,688 [ERROR] [MainThread] [root/api.py:82]: Weather API invalid JSON response: Expecting value: line 1 column 1 (char 0)
2026-05-10 20:50:26,688 [WARNING] [MainThread] [root/weather.py:591]: Error processing weather data: Weather data is empty.. Retrying fetch in 10 seconds.
2026-05-10 20:50:36,709 [ERROR] [MainThread] [root/api.py:82]: Weather API invalid JSON response: Expecting value: line 1 column 1 (char 0)
2026-05-10 20:50:36,709 [WARNING] [MainThread] [root/weather.py:591]: Error processing weather data: Weather data is empty.. Retrying fetch in 10 seconds.
2026-05-10 20:50:46,730 [ERROR] [MainThread] [root/api.py:82]: Weather API invalid JSON response: Expecting value: line 1 column 1 (char 0)
2026-05-10 20:50:46,730 [WARNING] [MainThread] [root/weather.py:591]: Error processing weather data: Weather data is empty.. Retrying fetch in 10 seconds.
2026-05-10 20:50:56,737 [ERROR] [MainThread] [root/api.py:82]: Weather API invalid JSON response: Expecting value: line 1 column 1 (char 0)
2026-05-10 20:50:56,738 [WARNING] [MainThread] [root/weather.py:591]: Error processing weather data: Weather data is empty.. Retrying fetch in 10 seconds.
2026-05-10 20:51:06,761 [ERROR] [MainThread] [root/api.py:82]: Weather API invalid JSON response: Expecting value: line 1 column 1 (char 0)
2026-05-10 20:51:06,761 [WARNING] [MainThread] [root/weather.py:591]: Error processing weather data: Weather data is empty.. Retrying fetch in 10 seconds.
2026-05-10 20:51:16,786 [ERROR] [MainThread] [root/api.py:82]: Weather API invalid JSON response: Expecting value: line 1 column 1 (char 0)
2026-05-10 20:51:16,786 [WARNING] [MainThread] [root/weather.py:591]: Error processing weather data: Weather data is empty.. Retrying fetch in 10 seconds.
2026-05-10 20:51:26,811 [ERROR] [MainThread] [root/api.py:82]: Weather API invalid JSON response: Expecting value: line 1 column 1 (char 0)
2026-05-10 20:51:26,811 [WARNING] [MainThread] [root/weather.py:591]: Error processing weather data: Weather data is empty.. Retrying fetch in 10 seconds.
2026-05-10 20:51:36,829 [ERROR] [MainThread] [root/api.py:82]: Weather API invalid JSON response: Expecting value: line 1 column 1 (char 0)
2026-05-10 20:51:36,829 [WARNING] [MainThread] [root/weather.py:591]: Error processing weather data: Weather data is empty.. Retrying fetch in 10 seconds.
2026-05-10 20:51:46,851 [ERROR] [MainThread] [root/api.py:82]: Weather API invalid JSON response: Expecting value: line 1 column 1 (char 0)
2026-05-10 20:51:46,851 [WARNING] [MainThread] [root/weather.py:591]: Error processing weather data: Weather data is empty.. Retrying fetch in 10 seconds.
2026-05-10 20:51:56,865 [ERROR] [MainThread] [root/api.py:82]: Weather API invalid JSON response: Expecting value: line 1 column 1 (char 0)
2026-05-10 20:51:56,866 [WARNING] [MainThread] [root/weather.py:591]: Error processing weather data: Weather data is empty.. Retrying fetch in 10 seconds.
2026-05-10 20:52:06,881 [ERROR] [MainThread] [root/api.py:82]: Weather API invalid JSON response: Expecting value: line 1 column 1 (char 0)
2026-05-10 20:52:06,881 [WARNING] [MainThread] [root/weather.py:591]: Error processing weather data: Weather data is empty.. Retrying fetch in 10 seconds.
2026-05-10 20:52:16,897 [ERROR] [MainThread] [root/api.py:82]: Weather API invalid JSON response: Expecting value: line 1 column 1 (char 0)
2026-05-10 20:52:16,897 [WARNING] [MainThread] [root/weather.py:591]: Error processing weather data: Weather data is empty.. Retrying fetch in 10 seconds.
2026-05-10 20:52:26,916 [ERROR] [MainThread] [root/api.py:82]: Weather API invalid JSON response: Expecting value: line 1 column 1 (char 0)
2026-05-10 20:52:26,916 [WARNING] [MainThread] [root/weather.py:591]: Error processing weather data: Weather data is empty.. Retrying fetch in 10 seconds.
2026-05-10 20:52:36,933 [ERROR] [MainThread] [root/api.py:82]: Weather API invalid JSON response: Expecting value: line 1 column 1 (char 0)
2026-05-10 20:52:36,933 [WARNING] [MainThread] [root/weather.py:591]: Error processing weather data: Weather data is empty.. Retrying fetch in 10 seconds.
2026-05-10 20:52:46,950 [ERROR] [MainThread] [root/api.py:82]: Weather API invalid JSON response: Expecting value: line 1 column 1 (char 0)
2026-05-10 20:52:46,951 [WARNING] [MainThread] [root/weather.py:591]: Error processing weather data: Weather data is empty.. Retrying fetch in 10 seconds.
2026-05-10 20:52:56,962 [ERROR] [MainThread] [root/api.py:82]: Weather API invalid JSON response: Expecting value: line 1 column 1 (char 0)
2026-05-10 20:52:56,962 [WARNING] [MainThread] [root/weather.py:591]: Error processing weather data: Weather data is empty.. Retrying fetch in 10 seconds.
2026-05-10 20:53:06,977 [ERROR] [MainThread] [root/api.py:82]: Weather API invalid JSON response: Expecting value: line 1 column 1 (char 0)
2026-05-10 20:53:06,977 [WARNING] [MainThread] [root/weather.py:591]: Error processing weather data: Weather data is empty.. Retrying fetch in 10 seconds.
2026-05-10 20:53:17,000 [ERROR] [MainThread] [root/api.py:82]: Weather API invalid JSON response: Expecting value: line 1 column 1 (char 0)
2026-05-10 20:53:17,000 [WARNING] [MainThread] [root/weather.py:591]: Error processing weather data: Weather data is empty.. Retrying fetch in 10 seconds.
2026-05-10 20:53:27,047 [ERROR] [MainThread] [root/api.py:82]: Weather API invalid JSON response: Expecting value: line 1 column 1 (char 0)
2026-05-10 20:53:27,047 [WARNING] [MainThread] [root/weather.py:591]: Error processing weather data: Weather data is empty.. Retrying fetch in 10 seconds.
2026-05-10 20:53:37,076 [ERROR] [MainThread] [root/api.py:82]: Weather API invalid JSON response: Expecting value: line 1 column 1 (char 0)
2026-05-10 20:53:37,077 [WARNING] [MainThread] [root/weather.py:591]: Error processing weather data: Weather data is empty.. Retrying fetch in 10 seconds.
2026-05-10 20:53:47,095 [ERROR] [MainThread] [root/api.py:82]: Weather API invalid JSON response: Expecting value: line 1 column 1 (char 0)
2026-05-10 20:53:47,096 [WARNING] [MainThread] [root/weather.py:591]: Error processing weather data: Weather data is empty.. Retrying fetch in 10 seconds.
2026-05-10 20:53:57,113 [ERROR] [MainThread] [root/api.py:82]: Weather API invalid JSON response: Expecting value: line 1 column 1 (char 0)
2026-05-10 20:53:57,113 [WARNING] [MainThread] [root/weather.py:591]: Error processing weather data: Weather data is empty.. Retrying fetch in 10 seconds.
2026-05-10 20:54:07,149 [ERROR] [MainThread] [root/api.py:82]: Weather API invalid JSON response: Expecting value: line 1 column 1 (char 0)
2026-05-10 20:54:07,149 [WARNING] [MainThread] [root/weather.py:591]: Error processing weather data: Weather data is empty.. Retrying fetch in 10 seconds.
2026-05-10 20:54:17,178 [ERROR] [MainThread] [root/api.py:82]: Weather API invalid JSON response: Expecting value: line 1 column 1 (char 0)
2026-05-10 20:54:17,178 [WARNING] [MainThread] [root/weather.py:591]: Error processing weather data: Weather data is empty.. Retrying fetch in 10 seconds.
2026-05-10 20:54:27,205 [ERROR] [MainThread] [root/api.py:82]: Weather API invalid JSON response: Expecting value: line 1 column 1 (char 0)
2026-05-10 20:54:27,205 [WARNING] [MainThread] [root/weather.py:591]: Error processing weather data: Weather data is empty.. Retrying fetch in 10 seconds.
2026-05-10 20:54:37,242 [ERROR] [MainThread] [root/api.py:82]: Weather API invalid JSON response: Expecting value: line 1 column 1 (char 0)
2026-05-10 20:54:37,243 [WARNING] [MainThread] [root/weather.py:591]: Error processing weather data: Weather data is empty.. Retrying fetch in 10 seconds.
2026-05-10 20:54:47,278 [ERROR] [MainThread] [root/api.py:82]: Weather API invalid JSON response: Expecting value: line 1 column 1 (char 0)
2026-05-10 20:54:47,279 [WARNING] [MainThread] [root/weather.py:591]: Error processing weather data: Weather data is empty.. Retrying fetch in 10 seconds.
2026-05-10 20:54:57,319 [ERROR] [MainThread] [root/api.py:82]: Weather API invalid JSON response: Expecting value: line 1 column 1 (char 0)
2026-05-10 20:54:57,319 [WARNING] [MainThread] [root/weather.py:591]: Error processing weather data: Weather data is empty.. Retrying fetch in 10 seconds.
2026-05-10 20:55:07,428 [ERROR] [MainThread] [root/api.py:82]: Weather API invalid JSON response: Expecting value: line 1 column 1 (char 0)
2026-05-10 20:55:07,429 [WARNING] [MainThread] [root/weather.py:591]: Error processing weather data: Weather data is empty.. Retrying fetch in 10 seconds.
2026-05-10 20:55:17,451 [ERROR] [MainThread] [root/api.py:82]: Weather API invalid JSON response: Expecting value: line 1 column 1 (char 0)
2026-05-10 20:55:17,451 [WARNING] [MainThread] [root/weather.py:591]: Error processing weather data: Weather data is empty.. Retrying fetch in 10 seconds.
2026-05-10 20:55:27,473 [ERROR] [MainThread] [root/api.py:82]: Weather API invalid JSON response: Expecting value: line 1 column 1 (char 0)
2026-05-10 20:55:27,474 [WARNING] [MainThread] [root/weather.py:591]: Error processing weather data: Weather data is empty.. Retrying fetch in 10 seconds.
2026-05-10 20:55:37,497 [ERROR] [MainThread] [root/api.py:82]: Weather API invalid JSON response: Expecting value: line 1 column 1 (char 0)
2026-05-10 20:55:37,497 [WARNING] [MainThread] [root/weather.py:591]: Error processing weather data: Weather data is empty.. Retrying fetch in 10 seconds.
2026-05-10 20:55:47,503 [ERROR] [MainThread] [root/api.py:82]: Weather API invalid JSON response: Expecting value: line 1 column 1 (char 0)
2026-05-10 20:55:47,504 [WARNING] [MainThread] [root/weather.py:591]: Error processing weather data: Weather data is empty.. Retrying fetch in 10 seconds.
2026-05-10 20:55:57,523 [ERROR] [MainThread] [root/api.py:82]: Weather API invalid JSON response: Expecting value: line 1 column 1 (char 0)
2026-05-10 20:55:57,523 [WARNING] [MainThread] [root/weather.py:591]: Error processing weather data: Weather data is empty.. Retrying fetch in 10 seconds.
2026-05-10 20:56:07,532 [ERROR] [MainThread] [root/api.py:82]: Weather API invalid JSON response: Expecting value: line 1 column 1 (char 0)
2026-05-10 20:56:07,532 [WARNING] [MainThread] [root/weather.py:591]: Error processing weather data: Weather data is empty.. Retrying fetch in 10 seconds.
2026-05-10 20:56:17,584 [ERROR] [MainThread] [root/api.py:82]: Weather API invalid JSON response: Expecting value: line 1 column 1 (char 0)
2026-05-10 20:56:17,584 [WARNING] [MainThread] [root/weather.py:591]: Error processing weather data: Weather data is empty.. Retrying fetch in 10 seconds.
2026-05-10 20:56:27,604 [ERROR] [MainThread] [root/api.py:82]: Weather API invalid JSON response: Expecting value: line 1 column 1 (char 0)
2026-05-10 20:56:27,604 [WARNING] [MainThread] [root/weather.py:591]: Error processing weather data: Weather data is empty.. Retrying fetch in 10 seconds.
2026-05-10 20:56:37,721 [ERROR] [MainThread] [root/api.py:82]: Weather API invalid JSON response: Expecting value: line 1 column 1 (char 0)
2026-05-10 20:56:37,721 [WARNING] [MainThread] [root/weather.py:591]: Error processing weather data: Weather data is empty.. Retrying fetch in 10 seconds.
2026-05-10 20:56:47,765 [ERROR] [MainThread] [root/api.py:82]: Weather API invalid JSON response: Expecting value: line 1 column 1 (char 0)
2026-05-10 20:56:47,765 [WARNING] [MainThread] [root/weather.py:591]: Error processing weather data: Weather data is empty.. Retrying fetch in 10 seconds.
2026-05-10 20:56:57,779 [ERROR] [MainThread] [root/api.py:82]: Weather API invalid JSON response: Expecting value: line 1 column 1 (char 0)
2026-05-10 20:56:57,779 [WARNING] [MainThread] [root/weather.py:591]: Error processing weather data: Weather data is empty.. Retrying fetch in 10 seconds.
2026-05-10 20:57:07,814 [ERROR] [MainThread] [root/api.py:82]: Weather API invalid JSON response: Expecting value: line 1 column 1 (char 0)
2026-05-10 20:57:07,815 [WARNING] [MainThread] [root/weather.py:591]: Error processing weather data: Weather data is empty.. Retrying fetch in 10 seconds.
2026-05-10 20:57:17,858 [ERROR] [MainThread] [root/api.py:82]: Weather API invalid JSON response: Expecting value: line 1 column 1 (char 0)
2026-05-10 20:57:17,858 [WARNING] [MainThread] [root/weather.py:591]: Error processing weather data: Weather data is empty.. Retrying fetch in 10 seconds.
2026-05-10 20:57:27,862 [ERROR] [MainThread] [root/api.py:82]: Weather API invalid JSON response: Expecting value: line 1 column 1 (char 0)
2026-05-10 20:57:27,863 [WARNING] [MainThread] [root/weather.py:591]: Error processing weather data: Weather data is empty.. Retrying fetch in 10 seconds.
2026-05-10 20:57:38,033 [ERROR] [MainThread] [root/api.py:82]: Weather API invalid JSON response: Expecting value: line 1 column 1 (char 0)
2026-05-10 20:57:38,033 [WARNING] [MainThread] [root/weather.py:591]: Error processing weather data: Weather data is empty.. Retrying fetch in 10 seconds.
2026-05-10 20:57:48,074 [ERROR] [MainThread] [root/api.py:82]: Weather API invalid JSON response: Expecting value: line 1 column 1 (char 0)
2026-05-10 20:57:48,075 [WARNING] [MainThread] [root/weather.py:591]: Error processing weather data: Weather data is empty.. Retrying fetch in 10 seconds.
2026-05-10 20:57:58,115 [ERROR] [MainThread] [root/api.py:82]: Weather API invalid JSON response: Expecting value: line 1 column 1 (char 0)
2026-05-10 20:57:58,115 [WARNING] [MainThread] [root/weather.py:591]: Error processing weather data: Weather data is empty.. Retrying fetch in 10 seconds.
2026-05-10 20:58:08,142 [ERROR] [MainThread] [root/api.py:82]: Weather API invalid JSON response: Expecting value: line 1 column 1 (char 0)
2026-05-10 20:58:08,142 [WARNING] [MainThread] [root/weather.py:591]: Error processing weather data: Weather data is empty.. Retrying fetch in 10 seconds.
2026-05-10 20:58:18,169 [ERROR] [MainThread] [root/api.py:82]: Weather API invalid JSON response: Expecting value: line 1 column 1 (char 0)
2026-05-10 20:58:18,169 [WARNING] [MainThread] [root/weather.py:591]: Error processing weather data: Weather data is empty.. Retrying fetch in 10 seconds.
2026-05-10 20:58:28,177 [ERROR] [MainThread] [root/api.py:82]: Weather API invalid JSON response: Expecting value: line 1 column 1 (char 0)
2026-05-10 20:58:28,178 [WARNING] [MainThread] [root/weather.py:591]: Error processing weather data: Weather data is empty.. Retrying fetch in 10 seconds.
2026-05-10 20:58:38,195 [ERROR] [MainThread] [root/api.py:82]: Weather API invalid JSON response: Expecting value: line 1 column 1 (char 0)
2026-05-10 20:58:38,195 [WARNING] [MainThread] [root/weather.py:591]: Error processing weather data: Weather data is empty.. Retrying fetch in 10 seconds.
2026-05-10 20:58:48,310 [ERROR] [MainThread] [root/api.py:82]: Weather API invalid JSON response: Expecting value: line 1 column 1 (char 0)
2026-05-10 20:58:48,310 [WARNING] [MainThread] [root/weather.py:591]: Error processing weather data: Weather data is empty.. Retrying fetch in 10 seconds.
2026-05-10 20:58:58,406 [ERROR] [MainThread] [root/api.py:82]: Weather API invalid JSON response: Expecting value: line 1 column 1 (char 0)
2026-05-10 20:58:58,407 [WARNING] [MainThread] [root/weather.py:591]: Error processing weather data: Weather data is empty.. Retrying fetch in 10 seconds.
2026-05-10 20:59:08,466 [ERROR] [MainThread] [root/api.py:82]: Weather API invalid JSON response: Expecting value: line 1 column 1 (char 0)
2026-05-10 20:59:08,467 [WARNING] [MainThread] [root/weather.py:591]: Error processing weather data: Weather data is empty.. Retrying fetch in 10 seconds.
2026-05-10 20:59:18,483 [ERROR] [MainThread] [root/api.py:82]: Weather API invalid JSON response: Expecting value: line 1 column 1 (char 0)
2026-05-10 20:59:18,484 [WARNING] [MainThread] [root/weather.py:591]: Error processing weather data: Weather data is empty.. Retrying fetch in 10 seconds.
2026-05-10 20:59:28,543 [ERROR] [MainThread] [root/api.py:82]: Weather API invalid JSON response: Expecting value: line 1 column 1 (char 0)
2026-05-10 20:59:28,543 [WARNING] [MainThread] [root/weather.py:591]: Error processing weather data: Weather data is empty.. Retrying fetch in 10 seconds.
2026-05-10 20:59:33,732 [ERROR] [MainThread] [root/api.py:82]: Weather API invalid JSON response: Expecting value: line 1 column 1 (char 0)
2026-05-10 20:59:38,552 [ERROR] [MainThread] [root/api.py:82]: Weather API invalid JSON response: Expecting value: line 1 column 1 (char 0)
2026-05-10 20:59:38,552 [WARNING] [MainThread] [root/weather.py:591]: Error processing weather data: Weather data is empty.. Retrying fetch in 10 seconds.
2026-05-10 20:59:48,578 [ERROR] [MainThread] [root/api.py:82]: Weather API invalid JSON response: Expecting value: line 1 column 1 (char 0)
2026-05-10 20:59:48,579 [WARNING] [MainThread] [root/weather.py:591]: Error processing weather data: Weather data is empty.. Retrying fetch in 10 seconds.
2026-05-10 20:59:58,609 [ERROR] [MainThread] [root/api.py:82]: Weather API invalid JSON response: Expecting value: line 1 column 1 (char 0)
2026-05-10 20:59:58,609 [WARNING] [MainThread] [root/weather.py:591]: Error processing weather data: Weather data is empty.. Retrying fetch in 10 seconds.
2026-05-10 20:59:59,947 [WARNING] [MainThread] [deprecation/deprecation.py:133]: [DEPRECATED] BarAlignment: 'center' - Use 'align' instead.
2026-05-10 20:59:59,949 [WARNING] [MainThread] [deprecation/deprecation.py:133]: [DEPRECATED] BarBlurEffect: 'acrylic' - No longer supported and can be removed from the config.
2026-05-10 20:59:59,971 [INFO] [MainThread] [root/controller.py:21]: Reloading Application because of config change.
2026-05-10 21:00:00,075 [INFO] [MainThread] [cli_server/cli_server.py:114]: Log pipe server stopped
2026-05-10 21:00:00,116 [INFO] [MainThread] [root/bar_manager.py:92]: Successfully loaded updated config and re-initialised all bars.
2026-05-10 21:00:00,300 [INFO] [MainThread] [root/bar_manager.py:118]: Stopping KomorebiEventListener...
2026-05-10 21:00:00,306 [INFO] [MainThread] [root/bar_manager.py:118]: Stopping SystemEventListener...
2026-05-10 21:00:00,315 [INFO] [MainThread] [taskbar_window_manager/window_manager.py:223]: TaskbarWindowManager stopped
2026-05-10 21:00:01,226 [INFO] [MainThread] [root/log.py:104]: YASB v2.0.0
2026-05-10 21:00:01,227 [INFO] [CLIPipeServer] [cli_server/cli_server.py:216]: CLI server started v1.1.7
2026-05-10 21:00:01,227 [INFO] [MainThread] [cli_server/cli_server.py:106]: Log pipe server started
2026-05-10 21:00:01,328 [WARNING] [MainThread] [deprecation/deprecation.py:133]: [DEPRECATED] BarAlignment: 'center' - Use 'align' instead.
2026-05-10 21:00:01,329 [WARNING] [MainThread] [deprecation/deprecation.py:133]: [DEPRECATED] BarBlurEffect: 'acrylic' - No longer supported and can be removed from the config.
2026-05-10 21:00:01,429 [WARNING] [MainThread] [deprecation/deprecation.py:133]: [DEPRECATED] KomorebiWorkspacesConfig: 'animation' - Use CSS animations instead.
2026-05-10 21:00:02,704 [INFO] [MainThread] [root/service.py:103]: UpdateCheckService initialized...
2026-05-10 21:00:02,837 [INFO] [MainThread] [root/service.py:52]: AudioOutputService starting...
2026-05-10 21:00:03,080 [INFO] [MainThread] [taskbar_window_manager/window_manager.py:196]: TaskbarWindowManager is starting...
2026-05-10 21:00:03,085 [INFO] [MainThread] [root/bar_manager.py:102]: Starting SystemEventListener...
2026-05-10 21:00:03,085 [INFO] [MainThread] [root/bar_manager.py:102]: Starting KomorebiEventListener...
2026-05-10 21:00:03,088 [INFO] [MainThread] [root/watcher.py:65]: Watching directory: c:\users\user\.config\yasb
2026-05-10 21:00:03,088 [INFO] [MainThread] [root/watcher.py:104]: Created file watcher
2026-05-10 21:00:03,089 [INFO] [Dummy-6] [root/event_listener.py:54]: Created named pipe yasb-28ddb6c0-4c70-11f1-8302-c89402c1d344
2026-05-10 21:00:03,214 [INFO] [MainThread] [root/update_service.py:434]: Background update checker started
2026-05-10 21:00:03,338 [INFO] [Dummy-6] [root/event_listener.py:147]: Komorebi connected to named pipe: yasb-28ddb6c0-4c70-11f1-8302-c89402c1d344
2026-05-10 21:00:03,962 [INFO] [MainThread] [root/api.py:69]: Fetching new weather data at 2026-05-10 21:00:03.961983
2026-05-10 21:03:53,275 [WARNING] [MainThread] [deprecation/deprecation.py:133]: [DEPRECATED] BarAlignment: 'center' - Use 'align' instead.
2026-05-10 21:03:53,276 [WARNING] [MainThread] [deprecation/deprecation.py:133]: [DEPRECATED] BarBlurEffect: 'acrylic' - No longer supported and can be removed from the config.
2026-05-10 21:03:53,284 [INFO] [MainThread] [root/controller.py:21]: Reloading Application because of config change.
2026-05-10 21:03:53,393 [INFO] [MainThread] [cli_server/cli_server.py:114]: Log pipe server stopped
2026-05-10 21:03:53,409 [INFO] [MainThread] [root/bar_manager.py:92]: Successfully loaded updated config and re-initialised all bars.
2026-05-10 21:03:53,556 [INFO] [MainThread] [root/bar_manager.py:118]: Stopping SystemEventListener...
2026-05-10 21:03:53,566 [INFO] [MainThread] [root/bar_manager.py:118]: Stopping KomorebiEventListener...
2026-05-10 21:03:53,571 [INFO] [MainThread] [taskbar_window_manager/window_manager.py:223]: TaskbarWindowManager stopped
2026-05-10 21:03:54,335 [INFO] [MainThread] [root/log.py:104]: YASB v2.0.0
2026-05-10 21:03:54,336 [INFO] [CLIPipeServer] [cli_server/cli_server.py:216]: CLI server started v1.1.7
2026-05-10 21:03:54,337 [INFO] [MainThread] [cli_server/cli_server.py:106]: Log pipe server started
2026-05-10 21:03:54,391 [WARNING] [MainThread] [deprecation/deprecation.py:133]: [DEPRECATED] BarAlignment: 'center' - Use 'align' instead.
2026-05-10 21:03:54,392 [WARNING] [MainThread] [deprecation/deprecation.py:133]: [DEPRECATED] BarBlurEffect: 'acrylic' - No longer supported and can be removed from the config.
2026-05-10 21:03:54,452 [WARNING] [MainThread] [deprecation/deprecation.py:133]: [DEPRECATED] KomorebiWorkspacesConfig: 'animation' - Use CSS animations instead.
2026-05-10 21:03:55,415 [INFO] [MainThread] [root/service.py:103]: UpdateCheckService initialized...
2026-05-10 21:03:55,522 [INFO] [MainThread] [root/service.py:52]: AudioOutputService starting...
2026-05-10 21:03:55,723 [INFO] [MainThread] [taskbar_window_manager/window_manager.py:196]: TaskbarWindowManager is starting...
2026-05-10 21:03:55,727 [INFO] [MainThread] [root/bar_manager.py:102]: Starting SystemEventListener...
2026-05-10 21:03:55,728 [INFO] [MainThread] [root/bar_manager.py:102]: Starting KomorebiEventListener...
2026-05-10 21:03:55,730 [INFO] [MainThread] [root/watcher.py:65]: Watching directory: c:\users\user\.config\yasb
2026-05-10 21:03:55,731 [INFO] [MainThread] [root/watcher.py:104]: Created file watcher
2026-05-10 21:03:55,730 [INFO] [Dummy-6] [root/event_listener.py:54]: Created named pipe yasb-b3881858-4c70-11f1-9e6f-c89402c1d344
2026-05-10 21:03:55,855 [INFO] [MainThread] [root/update_service.py:434]: Background update checker started
2026-05-10 21:03:55,969 [INFO] [Dummy-6] [root/event_listener.py:147]: Komorebi connected to named pipe: yasb-b3881858-4c70-11f1-9e6f-c89402c1d344
2026-05-10 21:03:56,287 [INFO] [MainThread] [root/api.py:69]: Fetching new weather data at 2026-05-10 21:03:56.287479
2026-05-10 21:04:28,192 [WARNING] [MainThread] [deprecation/deprecation.py:133]: [DEPRECATED] BarAlignment: 'center' - Use 'align' instead.
2026-05-10 21:04:28,193 [WARNING] [MainThread] [deprecation/deprecation.py:133]: [DEPRECATED] BarBlurEffect: 'acrylic' - No longer supported and can be removed from the config.
2026-05-10 21:04:28,193 [INFO] [MainThread] [root/controller.py:21]: Reloading Application because of config change.
2026-05-10 21:04:28,294 [INFO] [MainThread] [cli_server/cli_server.py:114]: Log pipe server stopped
2026-05-10 21:04:28,304 [INFO] [MainThread] [root/bar_manager.py:92]: Successfully loaded updated config and re-initialised all bars.
2026-05-10 21:04:28,440 [INFO] [MainThread] [root/bar_manager.py:118]: Stopping SystemEventListener...
2026-05-10 21:04:28,451 [INFO] [MainThread] [root/bar_manager.py:118]: Stopping KomorebiEventListener...
2026-05-10 21:04:28,457 [INFO] [MainThread] [taskbar_window_manager/window_manager.py:223]: TaskbarWindowManager stopped
2026-05-10 21:04:29,169 [INFO] [MainThread] [root/log.py:104]: YASB v2.0.0
2026-05-10 21:04:29,170 [INFO] [CLIPipeServer] [cli_server/cli_server.py:216]: CLI server started v1.1.7
2026-05-10 21:04:29,171 [INFO] [MainThread] [cli_server/cli_server.py:106]: Log pipe server started
2026-05-10 21:04:29,216 [WARNING] [MainThread] [deprecation/deprecation.py:133]: [DEPRECATED] BarAlignment: 'center' - Use 'align' instead.
2026-05-10 21:04:29,216 [WARNING] [MainThread] [deprecation/deprecation.py:133]: [DEPRECATED] BarBlurEffect: 'acrylic' - No longer supported and can be removed from the config.
2026-05-10 21:04:29,257 [WARNING] [MainThread] [deprecation/deprecation.py:133]: [DEPRECATED] KomorebiWorkspacesConfig: 'animation' - Use CSS animations instead.
2026-05-10 21:04:29,788 [INFO] [MainThread] [root/service.py:103]: UpdateCheckService initialized...
2026-05-10 21:04:29,885 [INFO] [MainThread] [root/service.py:52]: AudioOutputService starting...
2026-05-10 21:04:30,084 [INFO] [MainThread] [taskbar_window_manager/window_manager.py:196]: TaskbarWindowManager is starting...
2026-05-10 21:04:30,090 [INFO] [MainThread] [root/bar_manager.py:102]: Starting SystemEventListener...
2026-05-10 21:04:30,091 [INFO] [MainThread] [root/bar_manager.py:102]: Starting KomorebiEventListener...
2026-05-10 21:04:30,093 [INFO] [MainThread] [root/watcher.py:65]: Watching directory: c:\users\user\.config\yasb
2026-05-10 21:04:30,094 [INFO] [MainThread] [root/watcher.py:104]: Created file watcher
2026-05-10 21:04:30,094 [INFO] [Dummy-6] [root/event_listener.py:54]: Created named pipe yasb-c80381e9-4c70-11f1-8fb5-c89402c1d344
2026-05-10 21:04:30,242 [INFO] [MainThread] [root/update_service.py:434]: Background update checker started
2026-05-10 21:04:30,277 [INFO] [Dummy-6] [root/event_listener.py:147]: Komorebi connected to named pipe: yasb-c80381e9-4c70-11f1-8fb5-c89402c1d344
2026-05-10 21:04:30,628 [INFO] [MainThread] [root/api.py:69]: Fetching new weather data at 2026-05-10 21:04:30.628411
2026-05-10 21:04:37,514 [WARNING] [MainThread] [deprecation/deprecation.py:133]: [DEPRECATED] BarAlignment: 'center' - Use 'align' instead.
2026-05-10 21:04:37,515 [WARNING] [MainThread] [deprecation/deprecation.py:133]: [DEPRECATED] BarBlurEffect: 'acrylic' - No longer supported and can be removed from the config.
2026-05-10 21:04:37,516 [INFO] [MainThread] [root/controller.py:21]: Reloading Application because of config change.
2026-05-10 21:04:37,624 [INFO] [MainThread] [cli_server/cli_server.py:114]: Log pipe server stopped
2026-05-10 21:04:37,632 [INFO] [MainThread] [root/bar_manager.py:92]: Successfully loaded updated config and re-initialised all bars.
2026-05-10 21:04:37,769 [INFO] [MainThread] [root/bar_manager.py:118]: Stopping SystemEventListener...
2026-05-10 21:04:37,784 [INFO] [MainThread] [root/bar_manager.py:118]: Stopping KomorebiEventListener...
2026-05-10 21:04:37,791 [INFO] [MainThread] [taskbar_window_manager/window_manager.py:223]: TaskbarWindowManager stopped
2026-05-10 21:04:38,571 [INFO] [MainThread] [root/log.py:104]: YASB v2.0.0
2026-05-10 21:04:38,572 [INFO] [CLIPipeServer] [cli_server/cli_server.py:216]: CLI server started v1.1.7
2026-05-10 21:04:38,572 [INFO] [MainThread] [cli_server/cli_server.py:106]: Log pipe server started
2026-05-10 21:04:38,623 [WARNING] [MainThread] [deprecation/deprecation.py:133]: [DEPRECATED] BarAlignment: 'center' - Use 'align' instead.
2026-05-10 21:04:38,624 [WARNING] [MainThread] [deprecation/deprecation.py:133]: [DEPRECATED] BarBlurEffect: 'acrylic' - No longer supported and can be removed from the config.
2026-05-10 21:04:38,669 [WARNING] [MainThread] [deprecation/deprecation.py:133]: [DEPRECATED] KomorebiWorkspacesConfig: 'animation' - Use CSS animations instead.
2026-05-10 21:04:39,294 [INFO] [MainThread] [root/service.py:103]: UpdateCheckService initialized...
2026-05-10 21:04:39,395 [INFO] [MainThread] [root/service.py:52]: AudioOutputService starting...
2026-05-10 21:04:39,641 [INFO] [MainThread] [taskbar_window_manager/window_manager.py:196]: TaskbarWindowManager is starting...
2026-05-10 21:04:39,646 [INFO] [MainThread] [root/bar_manager.py:102]: Starting KomorebiEventListener...
2026-05-10 21:04:39,647 [INFO] [MainThread] [root/bar_manager.py:102]: Starting SystemEventListener...
2026-05-10 21:04:39,649 [INFO] [MainThread] [root/watcher.py:65]: Watching directory: c:\users\user\.config\yasb
2026-05-10 21:04:39,649 [INFO] [MainThread] [root/watcher.py:104]: Created file watcher
2026-05-10 21:04:39,650 [INFO] [Dummy-6] [root/event_listener.py:54]: Created named pipe yasb-cdb59393-4c70-11f1-91b8-c89402c1d344
2026-05-10 21:04:39,733 [INFO] [MainThread] [root/update_service.py:434]: Background update checker started
2026-05-10 21:04:39,870 [INFO] [Dummy-6] [root/event_listener.py:147]: Komorebi connected to named pipe: yasb-cdb59393-4c70-11f1-91b8-c89402c1d344
2026-05-10 21:04:40,037 [ERROR] [MainThread] [root/api.py:84]: Weather response error 400: No matching location found.
2026-05-10 21:04:40,037 [WARNING] [MainThread] [root/weather.py:591]: Error processing weather data: Weather data is empty.. Retrying fetch in 10 seconds.
2026-05-10 21:04:48,683 [WARNING] [MainThread] [deprecation/deprecation.py:133]: [DEPRECATED] BarAlignment: 'center' - Use 'align' instead.
2026-05-10 21:04:48,683 [WARNING] [MainThread] [deprecation/deprecation.py:133]: [DEPRECATED] BarBlurEffect: 'acrylic' - No longer supported and can be removed from the config.
2026-05-10 21:04:48,684 [INFO] [MainThread] [root/controller.py:21]: Reloading Application because of config change.
2026-05-10 21:04:48,793 [INFO] [MainThread] [cli_server/cli_server.py:114]: Log pipe server stopped
2026-05-10 21:04:48,803 [INFO] [MainThread] [root/bar_manager.py:92]: Successfully loaded updated config and re-initialised all bars.
2026-05-10 21:04:48,940 [INFO] [MainThread] [root/bar_manager.py:118]: Stopping KomorebiEventListener...
2026-05-10 21:04:48,944 [INFO] [MainThread] [root/bar_manager.py:118]: Stopping SystemEventListener...
2026-05-10 21:04:48,952 [INFO] [MainThread] [taskbar_window_manager/window_manager.py:223]: TaskbarWindowManager stopped
2026-05-10 21:04:49,663 [INFO] [MainThread] [root/log.py:104]: YASB v2.0.0
2026-05-10 21:04:49,663 [INFO] [CLIPipeServer] [cli_server/cli_server.py:216]: CLI server started v1.1.7
2026-05-10 21:04:49,664 [INFO] [MainThread] [cli_server/cli_server.py:106]: Log pipe server started
2026-05-10 21:04:49,713 [WARNING] [MainThread] [deprecation/deprecation.py:133]: [DEPRECATED] BarAlignment: 'center' - Use 'align' instead.
2026-05-10 21:04:49,713 [WARNING] [MainThread] [deprecation/deprecation.py:133]: [DEPRECATED] BarBlurEffect: 'acrylic' - No longer supported and can be removed from the config.
2026-05-10 21:04:49,756 [WARNING] [MainThread] [deprecation/deprecation.py:133]: [DEPRECATED] KomorebiWorkspacesConfig: 'animation' - Use CSS animations instead.
2026-05-10 21:04:50,283 [INFO] [MainThread] [root/service.py:103]: UpdateCheckService initialized...
2026-05-10 21:04:50,373 [INFO] [MainThread] [root/service.py:52]: AudioOutputService starting...
2026-05-10 21:04:50,574 [INFO] [MainThread] [taskbar_window_manager/window_manager.py:196]: TaskbarWindowManager is starting...
2026-05-10 21:04:50,580 [INFO] [MainThread] [root/bar_manager.py:102]: Starting KomorebiEventListener...
2026-05-10 21:04:50,581 [INFO] [MainThread] [root/bar_manager.py:102]: Starting SystemEventListener...
2026-05-10 21:04:50,582 [INFO] [MainThread] [root/watcher.py:65]: Watching directory: c:\users\user\.config\yasb
2026-05-10 21:04:50,583 [INFO] [MainThread] [root/watcher.py:104]: Created file watcher
2026-05-10 21:04:50,583 [INFO] [Dummy-6] [root/event_listener.py:54]: Created named pipe yasb-d439ebf2-4c70-11f1-97c5-c89402c1d344
2026-05-10 21:04:50,678 [INFO] [MainThread] [root/update_service.py:434]: Background update checker started
2026-05-10 21:04:50,789 [INFO] [Dummy-6] [root/event_listener.py:147]: Komorebi connected to named pipe: yasb-d439ebf2-4c70-11f1-97c5-c89402c1d344
2026-05-10 21:04:51,003 [ERROR] [MainThread] [root/api.py:84]: Weather response error 400: No matching location found.
2026-05-10 21:04:51,003 [WARNING] [MainThread] [root/weather.py:591]: Error processing weather data: Weather data is empty.. Retrying fetch in 10 seconds.
2026-05-10 21:04:55,659 [WARNING] [MainThread] [deprecation/deprecation.py:133]: [DEPRECATED] BarAlignment: 'center' - Use 'align' instead.
2026-05-10 21:04:55,660 [WARNING] [MainThread] [deprecation/deprecation.py:133]: [DEPRECATED] BarBlurEffect: 'acrylic' - No longer supported and can be removed from the config.
2026-05-10 21:04:55,660 [INFO] [MainThread] [root/controller.py:21]: Reloading Application because of config change.
2026-05-10 21:04:55,770 [INFO] [MainThread] [cli_server/cli_server.py:114]: Log pipe server stopped
2026-05-10 21:04:55,779 [INFO] [MainThread] [root/bar_manager.py:92]: Successfully loaded updated config and re-initialised all bars.
2026-05-10 21:04:55,904 [INFO] [MainThread] [root/bar_manager.py:118]: Stopping KomorebiEventListener...
2026-05-10 21:04:55,906 [INFO] [MainThread] [root/bar_manager.py:118]: Stopping SystemEventListener...
2026-05-10 21:04:55,911 [INFO] [MainThread] [taskbar_window_manager/window_manager.py:223]: TaskbarWindowManager stopped
2026-05-10 21:04:56,568 [INFO] [MainThread] [root/log.py:104]: YASB v2.0.0
2026-05-10 21:04:56,569 [INFO] [CLIPipeServer] [cli_server/cli_server.py:216]: CLI server started v1.1.7
2026-05-10 21:04:56,569 [INFO] [MainThread] [cli_server/cli_server.py:106]: Log pipe server started
2026-05-10 21:04:56,619 [WARNING] [MainThread] [deprecation/deprecation.py:133]: [DEPRECATED] BarAlignment: 'center' - Use 'align' instead.
2026-05-10 21:04:56,620 [WARNING] [MainThread] [deprecation/deprecation.py:133]: [DEPRECATED] BarBlurEffect: 'acrylic' - No longer supported and can be removed from the config.
2026-05-10 21:04:56,661 [WARNING] [MainThread] [deprecation/deprecation.py:133]: [DEPRECATED] KomorebiWorkspacesConfig: 'animation' - Use CSS animations instead.
2026-05-10 21:04:57,194 [INFO] [MainThread] [root/service.py:103]: UpdateCheckService initialized...
2026-05-10 21:04:57,285 [INFO] [MainThread] [root/service.py:52]: AudioOutputService starting...
2026-05-10 21:04:57,491 [INFO] [MainThread] [taskbar_window_manager/window_manager.py:196]: TaskbarWindowManager is starting...
2026-05-10 21:04:57,495 [INFO] [MainThread] [root/bar_manager.py:102]: Starting SystemEventListener...
2026-05-10 21:04:57,495 [INFO] [MainThread] [root/bar_manager.py:102]: Starting KomorebiEventListener...
2026-05-10 21:04:57,498 [INFO] [MainThread] [root/watcher.py:65]: Watching directory: c:\users\user\.config\yasb
2026-05-10 21:04:57,498 [INFO] [MainThread] [root/watcher.py:104]: Created file watcher
2026-05-10 21:04:57,541 [INFO] [Dummy-6] [root/event_listener.py:54]: Created named pipe yasb-d8591444-4c70-11f1-abc7-c89402c1d344
2026-05-10 21:04:57,544 [INFO] [MainThread] [root/update_service.py:434]: Background update checker started
2026-05-10 21:04:57,712 [INFO] [Dummy-6] [root/event_listener.py:147]: Komorebi connected to named pipe: yasb-d8591444-4c70-11f1-abc7-c89402c1d344
2026-05-10 21:04:57,966 [INFO] [MainThread] [root/api.py:69]: Fetching new weather data at 2026-05-10 21:04:57.966430
2026-05-10 21:05:17,225 [WARNING] [MainThread] [deprecation/deprecation.py:133]: [DEPRECATED] BarAlignment: 'center' - Use 'align' instead.
2026-05-10 21:05:17,225 [WARNING] [MainThread] [deprecation/deprecation.py:133]: [DEPRECATED] BarBlurEffect: 'acrylic' - No longer supported and can be removed from the config.
2026-05-10 21:05:17,226 [INFO] [MainThread] [root/controller.py:21]: Reloading Application because of config change.
2026-05-10 21:05:17,331 [INFO] [MainThread] [cli_server/cli_server.py:114]: Log pipe server stopped
2026-05-10 21:05:17,339 [INFO] [MainThread] [root/bar_manager.py:92]: Successfully loaded updated config and re-initialised all bars.
2026-05-10 21:05:17,470 [INFO] [MainThread] [root/bar_manager.py:118]: Stopping SystemEventListener...
2026-05-10 21:05:17,482 [INFO] [MainThread] [root/bar_manager.py:118]: Stopping KomorebiEventListener...
2026-05-10 21:05:17,486 [INFO] [MainThread] [taskbar_window_manager/window_manager.py:223]: TaskbarWindowManager stopped
2026-05-10 21:05:18,153 [INFO] [MainThread] [root/log.py:104]: YASB v2.0.0
2026-05-10 21:05:18,154 [INFO] [CLIPipeServer] [cli_server/cli_server.py:216]: CLI server started v1.1.7
2026-05-10 21:05:18,154 [INFO] [MainThread] [cli_server/cli_server.py:106]: Log pipe server started
2026-05-10 21:05:18,209 [WARNING] [MainThread] [deprecation/deprecation.py:133]: [DEPRECATED] BarAlignment: 'center' - Use 'align' instead.
2026-05-10 21:05:18,209 [WARNING] [MainThread] [deprecation/deprecation.py:133]: [DEPRECATED] BarBlurEffect: 'acrylic' - No longer supported and can be removed from the config.
2026-05-10 21:05:18,255 [WARNING] [MainThread] [deprecation/deprecation.py:133]: [DEPRECATED] KomorebiWorkspacesConfig: 'animation' - Use CSS animations instead.
2026-05-10 21:05:18,859 [INFO] [MainThread] [root/service.py:103]: UpdateCheckService initialized...
2026-05-10 21:05:18,953 [INFO] [MainThread] [root/service.py:52]: AudioOutputService starting...
2026-05-10 21:05:19,169 [INFO] [MainThread] [taskbar_window_manager/window_manager.py:196]: TaskbarWindowManager is starting...
2026-05-10 21:05:19,178 [INFO] [MainThread] [root/bar_manager.py:102]: Starting SystemEventListener...
2026-05-10 21:05:19,178 [INFO] [MainThread] [root/bar_manager.py:102]: Starting KomorebiEventListener...
2026-05-10 21:05:19,181 [INFO] [MainThread] [root/watcher.py:65]: Watching directory: c:\users\user\.config\yasb
2026-05-10 21:05:19,182 [INFO] [MainThread] [root/watcher.py:104]: Created file watcher
2026-05-10 21:05:19,182 [INFO] [Dummy-6] [root/event_listener.py:54]: Created named pipe yasb-e545b079-4c70-11f1-9ffb-c89402c1d344
2026-05-10 21:05:19,262 [INFO] [MainThread] [root/update_service.py:434]: Background update checker started
2026-05-10 21:05:19,454 [INFO] [Dummy-6] [root/event_listener.py:147]: Komorebi connected to named pipe: yasb-e545b079-4c70-11f1-9ffb-c89402c1d344
2026-05-10 21:05:19,750 [INFO] [MainThread] [root/api.py:69]: Fetching new weather data at 2026-05-10 21:05:19.750151
2026-05-10 21:06:42,872 [WARNING] [MainThread] [deprecation/deprecation.py:133]: [DEPRECATED] BarAlignment: 'center' - Use 'align' instead.
2026-05-10 21:06:42,872 [WARNING] [MainThread] [deprecation/deprecation.py:133]: [DEPRECATED] BarBlurEffect: 'acrylic' - No longer supported and can be removed from the config.
2026-05-10 21:06:42,873 [INFO] [MainThread] [root/controller.py:21]: Reloading Application because of config change.
2026-05-10 21:06:42,976 [INFO] [MainThread] [cli_server/cli_server.py:114]: Log pipe server stopped
2026-05-10 21:06:42,986 [INFO] [MainThread] [root/bar_manager.py:92]: Successfully loaded updated config and re-initialised all bars.
2026-05-10 21:06:43,117 [INFO] [MainThread] [root/bar_manager.py:118]: Stopping SystemEventListener...
2026-05-10 21:06:43,120 [INFO] [MainThread] [root/bar_manager.py:118]: Stopping KomorebiEventListener...
2026-05-10 21:06:43,125 [INFO] [MainThread] [taskbar_window_manager/window_manager.py:223]: TaskbarWindowManager stopped
2026-05-10 21:06:43,838 [INFO] [MainThread] [root/log.py:104]: YASB v2.0.0
2026-05-10 21:06:43,839 [INFO] [CLIPipeServer] [cli_server/cli_server.py:216]: CLI server started v1.1.7
2026-05-10 21:06:43,840 [INFO] [MainThread] [cli_server/cli_server.py:106]: Log pipe server started
2026-05-10 21:06:43,888 [WARNING] [MainThread] [deprecation/deprecation.py:133]: [DEPRECATED] BarAlignment: 'center' - Use 'align' instead.
2026-05-10 21:06:43,888 [WARNING] [MainThread] [deprecation/deprecation.py:133]: [DEPRECATED] BarBlurEffect: 'acrylic' - No longer supported and can be removed from the config.
2026-05-10 21:06:43,932 [WARNING] [MainThread] [deprecation/deprecation.py:133]: [DEPRECATED] KomorebiWorkspacesConfig: 'animation' - Use CSS animations instead.
2026-05-10 21:06:44,532 [INFO] [MainThread] [root/service.py:103]: UpdateCheckService initialized...
2026-05-10 21:06:44,634 [INFO] [MainThread] [root/service.py:52]: AudioOutputService starting...
2026-05-10 21:06:44,868 [INFO] [MainThread] [taskbar_window_manager/window_manager.py:196]: TaskbarWindowManager is starting...
2026-05-10 21:06:44,874 [INFO] [MainThread] [root/bar_manager.py:102]: Starting SystemEventListener...
2026-05-10 21:06:44,875 [INFO] [MainThread] [root/bar_manager.py:102]: Starting KomorebiEventListener...
2026-05-10 21:06:44,878 [INFO] [MainThread] [root/watcher.py:65]: Watching directory: c:\users\user\.config\yasb
2026-05-10 21:06:44,878 [INFO] [MainThread] [root/watcher.py:104]: Created file watcher
2026-05-10 21:06:44,957 [INFO] [Dummy-6] [root/event_listener.py:54]: Created named pipe yasb-1859e3d1-4c71-11f1-87b3-c89402c1d344
2026-05-10 21:06:44,965 [INFO] [MainThread] [root/update_service.py:434]: Background update checker started
2026-05-10 21:06:45,141 [INFO] [Dummy-6] [root/event_listener.py:147]: Komorebi connected to named pipe: yasb-1859e3d1-4c71-11f1-87b3-c89402c1d344
2026-05-10 21:06:45,379 [INFO] [MainThread] [root/api.py:69]: Fetching new weather data at 2026-05-10 21:06:45.379525
2026-05-10 21:08:52,010 [WARNING] [MainThread] [deprecation/deprecation.py:133]: [DEPRECATED] BarAlignment: 'center' - Use 'align' instead.
2026-05-10 21:08:52,011 [WARNING] [MainThread] [deprecation/deprecation.py:133]: [DEPRECATED] BarBlurEffect: 'acrylic' - No longer supported and can be removed from the config.
2026-05-10 21:08:52,012 [INFO] [MainThread] [root/controller.py:21]: Reloading Application because of config change.
2026-05-10 21:08:52,121 [INFO] [MainThread] [cli_server/cli_server.py:114]: Log pipe server stopped
2026-05-10 21:08:52,131 [INFO] [MainThread] [root/bar_manager.py:92]: Successfully loaded updated config and re-initialised all bars.
2026-05-10 21:08:52,248 [INFO] [MainThread] [root/bar_manager.py:118]: Stopping SystemEventListener...
2026-05-10 21:08:52,256 [INFO] [MainThread] [root/bar_manager.py:118]: Stopping KomorebiEventListener...
2026-05-10 21:08:52,258 [INFO] [MainThread] [taskbar_window_manager/window_manager.py:223]: TaskbarWindowManager stopped
2026-05-10 21:08:53,028 [INFO] [MainThread] [root/log.py:104]: YASB v2.0.0
2026-05-10 21:08:53,029 [INFO] [CLIPipeServer] [cli_server/cli_server.py:216]: CLI server started v1.1.7
2026-05-10 21:08:53,030 [INFO] [MainThread] [cli_server/cli_server.py:106]: Log pipe server started
2026-05-10 21:08:53,082 [WARNING] [MainThread] [deprecation/deprecation.py:133]: [DEPRECATED] BarAlignment: 'center' - Use 'align' instead.
2026-05-10 21:08:53,082 [WARNING] [MainThread] [deprecation/deprecation.py:133]: [DEPRECATED] BarBlurEffect: 'acrylic' - No longer supported and can be removed from the config.
2026-05-10 21:08:53,123 [WARNING] [MainThread] [deprecation/deprecation.py:133]: [DEPRECATED] KomorebiWorkspacesConfig: 'animation' - Use CSS animations instead.
2026-05-10 21:08:53,623 [INFO] [MainThread] [root/service.py:103]: UpdateCheckService initialized...
2026-05-10 21:08:53,713 [INFO] [MainThread] [root/service.py:52]: AudioOutputService starting...
2026-05-10 21:08:53,904 [INFO] [MainThread] [taskbar_window_manager/window_manager.py:196]: TaskbarWindowManager is starting...
2026-05-10 21:08:53,908 [INFO] [MainThread] [root/bar_manager.py:102]: Starting SystemEventListener...
2026-05-10 21:08:53,909 [INFO] [MainThread] [root/bar_manager.py:102]: Starting KomorebiEventListener...
2026-05-10 21:08:53,911 [INFO] [Dummy-5] [root/event_listener.py:54]: Created named pipe yasb-6542ecd5-4c71-11f1-a439-c89402c1d344
2026-05-10 21:08:53,912 [INFO] [MainThread] [root/watcher.py:65]: Watching directory: c:\users\user\.config\yasb
2026-05-10 21:08:53,913 [INFO] [MainThread] [root/watcher.py:104]: Created file watcher
2026-05-10 21:08:53,982 [INFO] [MainThread] [root/update_service.py:434]: Background update checker started
2026-05-10 21:08:54,103 [INFO] [Dummy-5] [root/event_listener.py:147]: Komorebi connected to named pipe: yasb-6542ecd5-4c71-11f1-a439-c89402c1d344
2026-05-10 21:08:54,347 [INFO] [MainThread] [root/api.py:69]: Fetching new weather data at 2026-05-10 21:08:54.347342
2026-05-10 21:08:55,722 [WARNING] [MainThread] [deprecation/deprecation.py:133]: [DEPRECATED] BarAlignment: 'center' - Use 'align' instead.
2026-05-10 21:08:55,723 [WARNING] [MainThread] [deprecation/deprecation.py:133]: [DEPRECATED] BarBlurEffect: 'acrylic' - No longer supported and can be removed from the config.
2026-05-10 21:08:55,723 [INFO] [MainThread] [root/controller.py:21]: Reloading Application because of config change.
2026-05-10 21:08:55,826 [INFO] [MainThread] [cli_server/cli_server.py:114]: Log pipe server stopped
2026-05-10 21:08:55,834 [INFO] [MainThread] [root/bar_manager.py:92]: Successfully loaded updated config and re-initialised all bars.
2026-05-10 21:08:55,941 [INFO] [MainThread] [root/bar_manager.py:118]: Stopping SystemEventListener...
2026-05-10 21:08:55,950 [INFO] [MainThread] [root/bar_manager.py:118]: Stopping KomorebiEventListener...
2026-05-10 21:08:55,955 [INFO] [MainThread] [taskbar_window_manager/window_manager.py:223]: TaskbarWindowManager stopped
2026-05-10 21:08:56,601 [INFO] [MainThread] [root/log.py:104]: YASB v2.0.0
2026-05-10 21:08:56,602 [INFO] [CLIPipeServer] [cli_server/cli_server.py:216]: CLI server started v1.1.7
2026-05-10 21:08:56,603 [INFO] [MainThread] [cli_server/cli_server.py:106]: Log pipe server started
2026-05-10 21:08:56,650 [WARNING] [MainThread] [deprecation/deprecation.py:133]: [DEPRECATED] BarAlignment: 'center' - Use 'align' instead.
2026-05-10 21:08:56,650 [WARNING] [MainThread] [deprecation/deprecation.py:133]: [DEPRECATED] BarBlurEffect: 'acrylic' - No longer supported and can be removed from the config.
2026-05-10 21:08:56,692 [WARNING] [MainThread] [deprecation/deprecation.py:133]: [DEPRECATED] KomorebiWorkspacesConfig: 'animation' - Use CSS animations instead.
2026-05-10 21:08:57,264 [INFO] [MainThread] [root/service.py:103]: UpdateCheckService initialized...
2026-05-10 21:08:57,354 [INFO] [MainThread] [root/service.py:52]: AudioOutputService starting...
2026-05-10 21:08:57,556 [INFO] [MainThread] [taskbar_window_manager/window_manager.py:196]: TaskbarWindowManager is starting...
2026-05-10 21:08:57,560 [INFO] [MainThread] [root/bar_manager.py:102]: Starting KomorebiEventListener...
2026-05-10 21:08:57,561 [INFO] [MainThread] [root/bar_manager.py:102]: Starting SystemEventListener...
2026-05-10 21:08:57,563 [INFO] [MainThread] [root/watcher.py:65]: Watching directory: c:\users\user\.config\yasb
2026-05-10 21:08:57,563 [INFO] [MainThread] [root/watcher.py:104]: Created file watcher
2026-05-10 21:08:57,564 [INFO] [Dummy-6] [root/event_listener.py:54]: Created named pipe yasb-67701f3b-4c71-11f1-b00c-c89402c1d344
2026-05-10 21:08:57,656 [INFO] [MainThread] [root/update_service.py:434]: Background update checker started
2026-05-10 21:08:57,755 [INFO] [Dummy-6] [root/event_listener.py:147]: Komorebi connected to named pipe: yasb-67701f3b-4c71-11f1-b00c-c89402c1d344
2026-05-10 21:08:57,999 [INFO] [MainThread] [root/api.py:69]: Fetching new weather data at 2026-05-10 21:08:57.999362
2026-05-10 21:09:11,414 [WARNING] [MainThread] [deprecation/deprecation.py:133]: [DEPRECATED] BarAlignment: 'center' - Use 'align' instead.
2026-05-10 21:09:11,414 [WARNING] [MainThread] [deprecation/deprecation.py:133]: [DEPRECATED] BarBlurEffect: 'acrylic' - No longer supported and can be removed from the config.
2026-05-10 21:09:11,415 [INFO] [MainThread] [root/controller.py:21]: Reloading Application because of config change.
2026-05-10 21:09:11,526 [INFO] [MainThread] [cli_server/cli_server.py:114]: Log pipe server stopped
2026-05-10 21:09:11,535 [INFO] [MainThread] [root/bar_manager.py:92]: Successfully loaded updated config and re-initialised all bars.
2026-05-10 21:09:11,650 [INFO] [MainThread] [root/bar_manager.py:118]: Stopping KomorebiEventListener...
2026-05-10 21:09:11,654 [INFO] [MainThread] [root/bar_manager.py:118]: Stopping SystemEventListener...
2026-05-10 21:09:11,662 [INFO] [MainThread] [taskbar_window_manager/window_manager.py:223]: TaskbarWindowManager stopped
2026-05-10 21:09:12,369 [INFO] [MainThread] [root/log.py:104]: YASB v2.0.0
2026-05-10 21:09:12,370 [INFO] [CLIPipeServer] [cli_server/cli_server.py:216]: CLI server started v1.1.7
2026-05-10 21:09:12,371 [INFO] [MainThread] [cli_server/cli_server.py:106]: Log pipe server started
2026-05-10 21:09:12,419 [WARNING] [MainThread] [deprecation/deprecation.py:133]: [DEPRECATED] BarAlignment: 'center' - Use 'align' instead.
2026-05-10 21:09:12,420 [WARNING] [MainThread] [deprecation/deprecation.py:133]: [DEPRECATED] BarBlurEffect: 'acrylic' - No longer supported and can be removed from the config.
2026-05-10 21:09:12,466 [WARNING] [MainThread] [deprecation/deprecation.py:133]: [DEPRECATED] KomorebiWorkspacesConfig: 'animation' - Use CSS animations instead.
2026-05-10 21:09:13,005 [INFO] [MainThread] [root/service.py:103]: UpdateCheckService initialized...
2026-05-10 21:09:13,097 [INFO] [MainThread] [root/service.py:52]: AudioOutputService starting...
2026-05-10 21:09:13,283 [INFO] [MainThread] [taskbar_window_manager/window_manager.py:196]: TaskbarWindowManager is starting...
2026-05-10 21:09:13,291 [INFO] [MainThread] [root/bar_manager.py:102]: Starting SystemEventListener...
2026-05-10 21:09:13,292 [INFO] [MainThread] [root/bar_manager.py:102]: Starting KomorebiEventListener...
2026-05-10 21:09:13,294 [INFO] [MainThread] [root/watcher.py:65]: Watching directory: c:\users\user\.config\yasb
2026-05-10 21:09:13,294 [INFO] [MainThread] [root/watcher.py:104]: Created file watcher
2026-05-10 21:09:13,295 [INFO] [Dummy-6] [root/event_listener.py:54]: Created named pipe yasb-70d088eb-4c71-11f1-882b-c89402c1d344
2026-05-10 21:09:13,373 [INFO] [MainThread] [root/update_service.py:434]: Background update checker started
2026-05-10 21:09:13,484 [INFO] [Dummy-6] [root/event_listener.py:147]: Komorebi connected to named pipe: yasb-70d088eb-4c71-11f1-882b-c89402c1d344
2026-05-10 21:09:13,557 [INFO] [MainThread] [root/api.py:69]: Fetching new weather data at 2026-05-10 21:09:13.557279
2026-05-10 21:14:26,723 [WARNING] [MainThread] [deprecation/deprecation.py:133]: [DEPRECATED] BarAlignment: 'center' - Use 'align' instead.
2026-05-10 21:14:26,723 [WARNING] [MainThread] [deprecation/deprecation.py:133]: [DEPRECATED] BarBlurEffect: 'acrylic' - No longer supported and can be removed from the config.
2026-05-10 21:14:26,725 [INFO] [MainThread] [root/controller.py:21]: Reloading Application because of config change.
2026-05-10 21:14:26,831 [INFO] [MainThread] [cli_server/cli_server.py:114]: Log pipe server stopped
2026-05-10 21:14:26,839 [INFO] [MainThread] [root/bar_manager.py:92]: Successfully loaded updated config and re-initialised all bars.
2026-05-10 21:14:26,979 [INFO] [MainThread] [root/bar_manager.py:118]: Stopping SystemEventListener...
2026-05-10 21:14:26,983 [INFO] [MainThread] [root/bar_manager.py:118]: Stopping KomorebiEventListener...
2026-05-10 21:14:26,986 [INFO] [MainThread] [taskbar_window_manager/window_manager.py:223]: TaskbarWindowManager stopped
2026-05-10 21:14:27,699 [INFO] [MainThread] [root/log.py:104]: YASB v2.0.0
2026-05-10 21:14:27,700 [INFO] [CLIPipeServer] [cli_server/cli_server.py:216]: CLI server started v1.1.7
2026-05-10 21:14:27,701 [INFO] [MainThread] [cli_server/cli_server.py:106]: Log pipe server started
2026-05-10 21:14:27,758 [WARNING] [MainThread] [deprecation/deprecation.py:133]: [DEPRECATED] BarAlignment: 'center' - Use 'align' instead.
2026-05-10 21:14:27,758 [WARNING] [MainThread] [deprecation/deprecation.py:133]: [DEPRECATED] BarBlurEffect: 'acrylic' - No longer supported and can be removed from the config.
2026-05-10 21:14:27,800 [WARNING] [MainThread] [deprecation/deprecation.py:133]: [DEPRECATED] KomorebiWorkspacesConfig: 'animation' - Use CSS animations instead.
2026-05-10 21:14:28,418 [INFO] [MainThread] [root/service.py:103]: UpdateCheckService initialized...
2026-05-10 21:14:28,507 [INFO] [MainThread] [root/service.py:52]: AudioOutputService starting...
2026-05-10 21:14:28,833 [INFO] [MainThread] [taskbar_window_manager/window_manager.py:196]: TaskbarWindowManager is starting...
2026-05-10 21:14:28,837 [INFO] [MainThread] [root/bar_manager.py:102]: Starting SystemEventListener...
2026-05-10 21:14:28,837 [INFO] [MainThread] [root/bar_manager.py:102]: Starting KomorebiEventListener...
2026-05-10 21:14:28,839 [INFO] [MainThread] [root/watcher.py:65]: Watching directory: c:\users\user\.config\yasb
2026-05-10 21:14:28,839 [INFO] [MainThread] [root/watcher.py:104]: Created file watcher
2026-05-10 21:14:28,839 [INFO] [Dummy-6] [root/event_listener.py:54]: Created named pipe yasb-2ce4f043-4c72-11f1-a3b5-c89402c1d344
2026-05-10 21:14:28,865 [INFO] [MainThread] [root/update_service.py:434]: Background update checker started
2026-05-10 21:14:28,959 [INFO] [Dummy-6] [root/event_listener.py:147]: Komorebi connected to named pipe: yasb-2ce4f043-4c72-11f1-a3b5-c89402c1d344
2026-05-10 21:14:29,310 [INFO] [MainThread] [root/api.py:69]: Fetching new weather data at 2026-05-10 21:14:29.310833
2026-05-10 21:14:33,951 [WARNING] [MainThread] [deprecation/deprecation.py:133]: [DEPRECATED] BarAlignment: 'center' - Use 'align' instead.
2026-05-10 21:14:33,951 [WARNING] [MainThread] [deprecation/deprecation.py:133]: [DEPRECATED] BarBlurEffect: 'acrylic' - No longer supported and can be removed from the config.
2026-05-10 21:14:33,951 [INFO] [MainThread] [root/controller.py:21]: Reloading Application because of config change.
2026-05-10 21:14:34,064 [INFO] [MainThread] [cli_server/cli_server.py:114]: Log pipe server stopped
2026-05-10 21:14:34,074 [INFO] [MainThread] [root/bar_manager.py:92]: Successfully loaded updated config and re-initialised all bars.
2026-05-10 21:14:34,177 [INFO] [MainThread] [root/bar_manager.py:118]: Stopping SystemEventListener...
2026-05-10 21:14:34,181 [INFO] [MainThread] [root/bar_manager.py:118]: Stopping KomorebiEventListener...
2026-05-10 21:14:34,183 [INFO] [MainThread] [taskbar_window_manager/window_manager.py:223]: TaskbarWindowManager stopped
2026-05-10 21:14:34,736 [INFO] [MainThread] [root/log.py:104]: YASB v2.0.0
2026-05-10 21:14:34,737 [INFO] [CLIPipeServer] [cli_server/cli_server.py:216]: CLI server started v1.1.7
2026-05-10 21:14:34,738 [INFO] [MainThread] [cli_server/cli_server.py:106]: Log pipe server started
2026-05-10 21:14:34,787 [WARNING] [MainThread] [deprecation/deprecation.py:133]: [DEPRECATED] BarAlignment: 'center' - Use 'align' instead.
2026-05-10 21:14:34,787 [WARNING] [MainThread] [deprecation/deprecation.py:133]: [DEPRECATED] BarBlurEffect: 'acrylic' - No longer supported and can be removed from the config.
2026-05-10 21:14:34,827 [WARNING] [MainThread] [deprecation/deprecation.py:133]: [DEPRECATED] KomorebiWorkspacesConfig: 'animation' - Use CSS animations instead.
2026-05-10 21:14:35,311 [INFO] [MainThread] [root/service.py:103]: UpdateCheckService initialized...
2026-05-10 21:14:35,404 [INFO] [MainThread] [root/service.py:52]: AudioOutputService starting...
2026-05-10 21:14:35,703 [INFO] [MainThread] [taskbar_window_manager/window_manager.py:196]: TaskbarWindowManager is starting...
2026-05-10 21:14:35,707 [INFO] [MainThread] [root/bar_manager.py:102]: Starting SystemEventListener...
2026-05-10 21:14:35,708 [INFO] [MainThread] [root/bar_manager.py:102]: Starting KomorebiEventListener...
2026-05-10 21:14:35,709 [INFO] [MainThread] [root/watcher.py:65]: Watching directory: c:\users\user\.config\yasb
2026-05-10 21:14:35,709 [INFO] [MainThread] [root/watcher.py:104]: Created file watcher
2026-05-10 21:14:35,710 [INFO] [Dummy-6] [root/event_listener.py:54]: Created named pipe yasb-30fd41bf-4c72-11f1-b718-c89402c1d344
2026-05-10 21:14:35,730 [INFO] [MainThread] [root/update_service.py:434]: Background update checker started
2026-05-10 21:14:35,833 [INFO] [Dummy-6] [root/event_listener.py:147]: Komorebi connected to named pipe: yasb-30fd41bf-4c72-11f1-b718-c89402c1d344
2026-05-10 21:14:35,836 [INFO] [MainThread] [root/api.py:69]: Fetching new weather data at 2026-05-10 21:14:35.836437
2026-05-10 21:14:55,139 [WARNING] [MainThread] [deprecation/deprecation.py:133]: [DEPRECATED] BarAlignment: 'center' - Use 'align' instead.
2026-05-10 21:14:55,139 [WARNING] [MainThread] [deprecation/deprecation.py:133]: [DEPRECATED] BarBlurEffect: 'acrylic' - No longer supported and can be removed from the config.
2026-05-10 21:14:55,139 [INFO] [MainThread] [root/controller.py:21]: Reloading Application because of config change.
2026-05-10 21:14:55,250 [INFO] [MainThread] [cli_server/cli_server.py:114]: Log pipe server stopped
2026-05-10 21:14:55,258 [INFO] [MainThread] [root/bar_manager.py:92]: Successfully loaded updated config and re-initialised all bars.
2026-05-10 21:14:55,378 [INFO] [MainThread] [root/bar_manager.py:118]: Stopping SystemEventListener...
2026-05-10 21:14:55,405 [INFO] [MainThread] [root/bar_manager.py:118]: Stopping KomorebiEventListener...
2026-05-10 21:14:55,412 [INFO] [MainThread] [taskbar_window_manager/window_manager.py:223]: TaskbarWindowManager stopped
2026-05-10 21:14:56,033 [INFO] [MainThread] [root/log.py:104]: YASB v2.0.0
2026-05-10 21:14:56,034 [INFO] [CLIPipeServer] [cli_server/cli_server.py:216]: CLI server started v1.1.7
2026-05-10 21:14:56,035 [INFO] [MainThread] [cli_server/cli_server.py:106]: Log pipe server started
2026-05-10 21:14:56,085 [WARNING] [MainThread] [deprecation/deprecation.py:133]: [DEPRECATED] BarAlignment: 'center' - Use 'align' instead.
2026-05-10 21:14:56,085 [WARNING] [MainThread] [deprecation/deprecation.py:133]: [DEPRECATED] BarBlurEffect: 'acrylic' - No longer supported and can be removed from the config.
2026-05-10 21:14:56,126 [WARNING] [MainThread] [deprecation/deprecation.py:133]: [DEPRECATED] KomorebiWorkspacesConfig: 'animation' - Use CSS animations instead.
2026-05-10 21:14:56,643 [INFO] [MainThread] [root/service.py:103]: UpdateCheckService initialized...
2026-05-10 21:14:56,734 [INFO] [MainThread] [root/service.py:52]: AudioOutputService starting...
2026-05-10 21:14:57,053 [INFO] [MainThread] [taskbar_window_manager/window_manager.py:196]: TaskbarWindowManager is starting...
2026-05-10 21:14:57,058 [INFO] [MainThread] [root/bar_manager.py:102]: Starting KomorebiEventListener...
2026-05-10 21:14:57,058 [INFO] [MainThread] [root/bar_manager.py:102]: Starting SystemEventListener...
2026-05-10 21:14:57,060 [INFO] [MainThread] [root/watcher.py:65]: Watching directory: c:\users\user\.config\yasb
2026-05-10 21:14:57,060 [INFO] [MainThread] [root/watcher.py:104]: Created file watcher
2026-05-10 21:14:57,060 [INFO] [Dummy-6] [root/event_listener.py:54]: Created named pipe yasb-3db70dea-4c72-11f1-afd8-c89402c1d344
2026-05-10 21:14:57,086 [INFO] [MainThread] [root/update_service.py:434]: Background update checker started
2026-05-10 21:14:57,178 [INFO] [Dummy-6] [root/event_listener.py:147]: Komorebi connected to named pipe: yasb-3db70dea-4c72-11f1-afd8-c89402c1d344
2026-05-10 21:14:57,209 [INFO] [MainThread] [root/api.py:69]: Fetching new weather data at 2026-05-10 21:14:57.209614
2026-05-10 21:15:06,869 [WARNING] [MainThread] [deprecation/deprecation.py:133]: [DEPRECATED] BarAlignment: 'center' - Use 'align' instead.
2026-05-10 21:15:06,869 [WARNING] [MainThread] [deprecation/deprecation.py:133]: [DEPRECATED] BarBlurEffect: 'acrylic' - No longer supported and can be removed from the config.
2026-05-10 21:15:06,870 [INFO] [MainThread] [root/controller.py:21]: Reloading Application because of config change.
2026-05-10 21:15:06,971 [INFO] [MainThread] [cli_server/cli_server.py:114]: Log pipe server stopped
2026-05-10 21:15:06,980 [INFO] [MainThread] [root/bar_manager.py:92]: Successfully loaded updated config and re-initialised all bars.
2026-05-10 21:15:07,140 [INFO] [MainThread] [root/bar_manager.py:118]: Stopping KomorebiEventListener...
2026-05-10 21:15:07,143 [INFO] [MainThread] [root/bar_manager.py:118]: Stopping SystemEventListener...
2026-05-10 21:15:07,147 [INFO] [MainThread] [taskbar_window_manager/window_manager.py:223]: TaskbarWindowManager stopped
2026-05-10 21:15:07,705 [INFO] [MainThread] [root/log.py:104]: YASB v2.0.0
2026-05-10 21:15:07,706 [INFO] [CLIPipeServer] [cli_server/cli_server.py:216]: CLI server started v1.1.7
2026-05-10 21:15:07,707 [INFO] [MainThread] [cli_server/cli_server.py:106]: Log pipe server started
2026-05-10 21:15:07,758 [WARNING] [MainThread] [deprecation/deprecation.py:133]: [DEPRECATED] BarAlignment: 'center' - Use 'align' instead.
2026-05-10 21:15:07,758 [WARNING] [MainThread] [deprecation/deprecation.py:133]: [DEPRECATED] BarBlurEffect: 'acrylic' - No longer supported and can be removed from the config.
2026-05-10 21:15:07,801 [WARNING] [MainThread] [deprecation/deprecation.py:133]: [DEPRECATED] KomorebiWorkspacesConfig: 'animation' - Use CSS animations instead.
2026-05-10 21:15:08,295 [INFO] [MainThread] [root/service.py:103]: UpdateCheckService initialized...
2026-05-10 21:15:08,388 [INFO] [MainThread] [root/service.py:52]: AudioOutputService starting...
2026-05-10 21:15:08,698 [INFO] [MainThread] [taskbar_window_manager/window_manager.py:196]: TaskbarWindowManager is starting...
2026-05-10 21:15:08,701 [INFO] [MainThread] [root/bar_manager.py:102]: Starting SystemEventListener...
2026-05-10 21:15:08,702 [INFO] [MainThread] [root/bar_manager.py:102]: Starting KomorebiEventListener...
2026-05-10 21:15:08,703 [INFO] [MainThread] [root/watcher.py:65]: Watching directory: c:\users\user\.config\yasb
2026-05-10 21:15:08,703 [INFO] [MainThread] [root/watcher.py:104]: Created file watcher
2026-05-10 21:15:08,704 [INFO] [Dummy-6] [root/event_listener.py:54]: Created named pipe yasb-44a7c48b-4c72-11f1-bd0d-c89402c1d344
2026-05-10 21:15:08,724 [INFO] [MainThread] [root/update_service.py:434]: Background update checker started
2026-05-10 21:15:08,828 [INFO] [Dummy-6] [root/event_listener.py:147]: Komorebi connected to named pipe: yasb-44a7c48b-4c72-11f1-bd0d-c89402c1d344
2026-05-10 21:15:08,849 [INFO] [MainThread] [root/api.py:69]: Fetching new weather data at 2026-05-10 21:15:08.849484
2026-05-10 21:25:08,651 [INFO] [MainThread] [root/api.py:69]: Fetching new weather data at 2026-05-10 21:25:08.651493
2026-05-10 21:35:08,740 [INFO] [MainThread] [root/api.py:69]: Fetching new weather data at 2026-05-10 21:35:08.740932
2026-05-10 21:40:11,677 [WARNING] [Dummy-6] [root/event_listener.py:95]: Pipe has been ended: (109, 'PeekNamedPipe', 'The pipe has been ended.')
2026-05-10 21:40:11,679 [INFO] [Dummy-6] [root/event_listener.py:107]: Attempting to reconnect to Komorebi...
2026-05-10 21:40:14,681 [INFO] [Dummy-6] [root/event_listener.py:54]: Created named pipe yasb-44a7c48b-4c72-11f1-bd0d-c89402c1d344
2026-05-10 21:40:14,782 [WARNING] [Dummy-6] [root/event_listener.py:134]: Komorebi failed to subscribe named pipe. Komorebi is not running, please start Komorebi.
2026-05-10 21:40:58,613 [INFO] [MainThread] [root/controller.py:43]: Exiting Application...
2026-05-10 21:40:58,726 [INFO] [MainThread] [cli_server/cli_server.py:114]: Log pipe server stopped
2026-05-10 21:40:58,822 [INFO] [MainThread] [root/bar_manager.py:118]: Stopping SystemEventListener...
2026-05-10 21:40:58,825 [INFO] [MainThread] [root/bar_manager.py:118]: Stopping KomorebiEventListener...
2026-05-10 21:40:58,826 [INFO] [MainThread] [taskbar_window_manager/window_manager.py:223]: TaskbarWindowManager stopped
2026-05-10 21:44:07,238 [INFO] [MainThread] [root/log.py:104]: YASB v2.0.0
2026-05-10 21:44:07,241 [INFO] [CLIPipeServer] [cli_server/cli_server.py:216]: CLI server started v1.1.7
2026-05-10 21:44:07,241 [INFO] [MainThread] [cli_server/cli_server.py:106]: Log pipe server started
2026-05-10 21:44:07,563 [WARNING] [MainThread] [deprecation/deprecation.py:133]: [DEPRECATED] BarAlignment: 'center' - Use 'align' instead.
2026-05-10 21:44:07,563 [WARNING] [MainThread] [deprecation/deprecation.py:133]: [DEPRECATED] BarBlurEffect: 'acrylic' - No longer supported and can be removed from the config.
2026-05-10 21:44:07,817 [WARNING] [MainThread] [deprecation/deprecation.py:133]: [DEPRECATED] KomorebiWorkspacesConfig: 'animation' - Use CSS animations instead.
2026-05-10 21:44:09,713 [INFO] [MainThread] [root/service.py:103]: UpdateCheckService initialized...
2026-05-10 21:44:10,023 [INFO] [MainThread] [root/service.py:52]: AudioOutputService starting...
2026-05-10 21:44:10,719 [INFO] [MainThread] [taskbar_window_manager/window_manager.py:196]: TaskbarWindowManager is starting...
2026-05-10 21:44:10,725 [INFO] [MainThread] [root/bar_manager.py:102]: Starting SystemEventListener...
2026-05-10 21:44:10,725 [INFO] [MainThread] [root/bar_manager.py:102]: Starting KomorebiEventListener...
2026-05-10 21:44:10,728 [INFO] [MainThread] [root/watcher.py:65]: Watching directory: c:\users\user\.config\yasb
2026-05-10 21:44:10,729 [INFO] [MainThread] [root/watcher.py:104]: Created file watcher
2026-05-10 21:44:10,729 [INFO] [Dummy-6] [root/event_listener.py:54]: Created named pipe yasb-52fb79e9-4c76-11f1-943c-c89402c1d344
2026-05-10 21:44:11,151 [INFO] [MainThread] [root/update_service.py:434]: Background update checker started
2026-05-10 21:44:11,152 [INFO] [Dummy-6] [root/event_listener.py:147]: Komorebi connected to named pipe: yasb-52fb79e9-4c76-11f1-943c-c89402c1d344
2026-05-10 21:44:11,480 [INFO] [MainThread] [root/api.py:69]: Fetching new weather data at 2026-05-10 21:44:11.480139
2026-05-10 21:44:12,261 [ERROR] [Dummy-6] [root/client.py:41]: Komorebi state query timed out in 0.5 seconds
2026-05-10 21:44:12,262 [ERROR] [Dummy-6] [root/event_listener.py:151]: Failed to retrieve komorebi state before starting event listener: None returned. Retrying in 2 second... Is komorebi online and its binaries added to $PATH?
2026-05-10 21:54:10,298 [INFO] [MainThread] [root/api.py:69]: Fetching new weather data at 2026-05-10 21:54:10.294983
2026-05-10 22:04:10,176 [INFO] [MainThread] [root/api.py:69]: Fetching new weather data at 2026-05-10 22:04:10.176279
2026-05-10 22:14:10,354 [INFO] [MainThread] [root/api.py:69]: Fetching new weather data at 2026-05-10 22:14:10.354748
2026-05-10 22:14:15,102 [WARNING] [Dummy-6] [root/event_listener.py:95]: Pipe has been ended: (109, 'PeekNamedPipe', 'The pipe has been ended.')
2026-05-10 22:14:15,121 [INFO] [Dummy-6] [root/event_listener.py:107]: Attempting to reconnect to Komorebi...
2026-05-10 22:14:18,123 [INFO] [Dummy-6] [root/event_listener.py:54]: Created named pipe yasb-52fb79e9-4c76-11f1-943c-c89402c1d344
2026-05-10 22:14:18,235 [WARNING] [Dummy-6] [root/event_listener.py:134]: Komorebi failed to subscribe named pipe. Komorebi is not running, please start Komorebi.
2026-05-10 22:14:28,418 [INFO] [Dummy-6] [root/event_listener.py:147]: Komorebi connected to named pipe: yasb-52fb79e9-4c76-11f1-943c-c89402c1d344
2026-05-10 22:15:22,372 [WARNING] [Dummy-6] [root/event_listener.py:95]: Pipe has been ended: (109, 'PeekNamedPipe', 'The pipe has been ended.')
2026-05-10 22:15:22,372 [INFO] [Dummy-6] [root/event_listener.py:107]: Attempting to reconnect to Komorebi...
2026-05-10 22:15:25,372 [INFO] [Dummy-6] [root/event_listener.py:54]: Created named pipe yasb-52fb79e9-4c76-11f1-943c-c89402c1d344
2026-05-10 22:15:25,509 [INFO] [Dummy-6] [root/event_listener.py:147]: Komorebi connected to named pipe: yasb-52fb79e9-4c76-11f1-943c-c89402c1d344
2026-05-10 22:16:47,929 [WARNING] [Dummy-6] [root/event_listener.py:95]: Pipe has been ended: (109, 'PeekNamedPipe', 'The pipe has been ended.')
2026-05-10 22:16:47,929 [INFO] [Dummy-6] [root/event_listener.py:107]: Attempting to reconnect to Komorebi...
2026-05-10 22:16:50,929 [INFO] [Dummy-6] [root/event_listener.py:54]: Created named pipe yasb-52fb79e9-4c76-11f1-943c-c89402c1d344
2026-05-10 22:16:51,099 [INFO] [Dummy-6] [root/event_listener.py:147]: Komorebi connected to named pipe: yasb-52fb79e9-4c76-11f1-943c-c89402c1d344
2026-05-10 22:17:45,067 [WARNING] [Dummy-6] [root/event_listener.py:95]: Pipe has been ended: (109, 'PeekNamedPipe', 'The pipe has been ended.')
2026-05-10 22:17:45,068 [INFO] [Dummy-6] [root/event_listener.py:107]: Attempting to reconnect to Komorebi...
2026-05-10 22:17:48,083 [INFO] [Dummy-6] [root/event_listener.py:54]: Created named pipe yasb-52fb79e9-4c76-11f1-943c-c89402c1d344
2026-05-10 22:17:48,179 [INFO] [Dummy-6] [root/event_listener.py:147]: Komorebi connected to named pipe: yasb-52fb79e9-4c76-11f1-943c-c89402c1d344
2026-05-10 22:19:46,238 [WARNING] [Dummy-6] [root/event_listener.py:95]: Pipe has been ended: (109, 'PeekNamedPipe', 'The pipe has been ended.')
2026-05-10 22:19:46,239 [INFO] [Dummy-6] [root/event_listener.py:107]: Attempting to reconnect to Komorebi...
2026-05-10 22:19:49,239 [INFO] [Dummy-6] [root/event_listener.py:54]: Created named pipe yasb-52fb79e9-4c76-11f1-943c-c89402c1d344
2026-05-10 22:19:49,318 [INFO] [Dummy-6] [root/event_listener.py:147]: Komorebi connected to named pipe: yasb-52fb79e9-4c76-11f1-943c-c89402c1d344
2026-05-10 22:21:52,377 [WARNING] [Dummy-6] [root/event_listener.py:95]: Pipe has been ended: (109, 'PeekNamedPipe', 'The pipe has been ended.')
2026-05-10 22:21:52,378 [INFO] [Dummy-6] [root/event_listener.py:107]: Attempting to reconnect to Komorebi...
2026-05-10 22:21:55,378 [INFO] [Dummy-6] [root/event_listener.py:54]: Created named pipe yasb-52fb79e9-4c76-11f1-943c-c89402c1d344
2026-05-10 22:21:55,470 [WARNING] [Dummy-6] [root/event_listener.py:134]: Komorebi failed to subscribe named pipe. Komorebi is not running, please start Komorebi.
2026-05-10 22:22:00,545 [INFO] [Dummy-6] [root/event_listener.py:147]: Komorebi connected to named pipe: yasb-52fb79e9-4c76-11f1-943c-c89402c1d344
2026-05-10 22:24:10,211 [INFO] [MainThread] [root/api.py:69]: Fetching new weather data at 2026-05-10 22:24:10.211643
2026-05-10 22:34:10,189 [INFO] [MainThread] [root/api.py:69]: Fetching new weather data at 2026-05-10 22:34:10.189670
2026-05-10 22:36:38,966 [INFO] [MainThread] [root/controller.py:43]: Exiting Application...
2026-05-10 22:36:39,076 [INFO] [MainThread] [cli_server/cli_server.py:114]: Log pipe server stopped
2026-05-10 22:36:39,210 [INFO] [MainThread] [root/bar_manager.py:118]: Stopping SystemEventListener...
2026-05-10 22:36:39,214 [INFO] [MainThread] [root/bar_manager.py:118]: Stopping KomorebiEventListener...
2026-05-10 22:36:39,216 [INFO] [MainThread] [taskbar_window_manager/window_manager.py:223]: TaskbarWindowManager stopped
2026-05-11 15:09:19,934 [INFO] [MainThread] [root/log.py:104]: YASB v2.0.0
2026-05-11 15:09:19,936 [INFO] [CLIPipeServer] [cli_server/cli_server.py:216]: CLI server started v1.1.7
2026-05-11 15:09:19,937 [INFO] [MainThread] [cli_server/cli_server.py:106]: Log pipe server started
2026-05-11 15:09:20,318 [WARNING] [MainThread] [deprecation/deprecation.py:133]: [DEPRECATED] BarAlignment: 'center' - Use 'align' instead.
2026-05-11 15:09:20,318 [WARNING] [MainThread] [deprecation/deprecation.py:133]: [DEPRECATED] BarBlurEffect: 'acrylic' - No longer supported and can be removed from the config.
2026-05-11 15:09:20,639 [WARNING] [MainThread] [deprecation/deprecation.py:133]: [DEPRECATED] KomorebiWorkspacesConfig: 'animation' - Use CSS animations instead.
2026-05-11 15:09:22,305 [INFO] [MainThread] [root/service.py:103]: UpdateCheckService initialized...
2026-05-11 15:09:22,673 [INFO] [MainThread] [root/service.py:52]: AudioOutputService starting...
2026-05-11 15:09:23,067 [INFO] [MainThread] [taskbar_window_manager/window_manager.py:196]: TaskbarWindowManager is starting...
2026-05-11 15:09:23,071 [INFO] [MainThread] [root/bar_manager.py:102]: Starting KomorebiEventListener...
2026-05-11 15:09:23,071 [INFO] [MainThread] [root/bar_manager.py:102]: Starting SystemEventListener...
2026-05-11 15:09:23,073 [INFO] [Dummy-4] [root/event_listener.py:54]: Created named pipe yasb-5673f3ef-4d08-11f1-b871-c89402c1d344
2026-05-11 15:09:23,075 [INFO] [MainThread] [root/watcher.py:65]: Watching directory: c:\users\user\.config\yasb
2026-05-11 15:09:23,075 [INFO] [MainThread] [root/watcher.py:104]: Created file watcher
2026-05-11 15:09:23,606 [INFO] [MainThread] [root/update_service.py:434]: Background update checker started
2026-05-11 15:09:24,032 [WARNING] [Dummy-4] [root/event_listener.py:134]: Komorebi failed to subscribe named pipe. Komorebi is not running, please start Komorebi.
2026-05-11 15:09:24,337 [INFO] [MainThread] [root/api.py:69]: Fetching new weather data at 2026-05-11 15:09:24.337362
2026-05-11 15:11:17,153 [INFO] [Dummy-4] [root/event_listener.py:147]: Komorebi connected to named pipe: yasb-5673f3ef-4d08-11f1-b871-c89402c1d344
2026-05-11 15:12:01,693 [INFO] [MainThread] [root/log.py:104]: YASB v2.0.0
2026-05-11 15:12:01,694 [INFO] [CLIPipeServer] [cli_server/cli_server.py:216]: CLI server started v1.1.7
2026-05-11 15:12:01,695 [INFO] [MainThread] [cli_server/cli_server.py:106]: Log pipe server started
2026-05-11 15:12:01,695 [ERROR] [MainThread] [root/main.py:75]: Another instance of the YASB is already running.
2026-05-11 15:12:18,493 [WARNING] [Dummy-4] [root/event_listener.py:95]: Pipe has been ended: (109, 'PeekNamedPipe', 'The pipe has been ended.')
2026-05-11 15:12:18,495 [INFO] [Dummy-4] [root/event_listener.py:107]: Attempting to reconnect to Komorebi...
2026-05-11 15:12:21,501 [INFO] [Dummy-4] [root/event_listener.py:54]: Created named pipe yasb-5673f3ef-4d08-11f1-b871-c89402c1d344
2026-05-11 15:12:21,819 [INFO] [Dummy-4] [root/event_listener.py:147]: Komorebi connected to named pipe: yasb-5673f3ef-4d08-11f1-b871-c89402c1d344
2026-05-11 15:13:11,317 [WARNING] [Dummy-4] [root/event_listener.py:95]: Pipe has been ended: (109, 'PeekNamedPipe', 'The pipe has been ended.')
2026-05-11 15:13:11,318 [INFO] [Dummy-4] [root/event_listener.py:107]: Attempting to reconnect to Komorebi...
2026-05-11 15:13:14,319 [INFO] [Dummy-4] [root/event_listener.py:54]: Created named pipe yasb-5673f3ef-4d08-11f1-b871-c89402c1d344
2026-05-11 15:13:14,478 [INFO] [Dummy-4] [root/event_listener.py:147]: Komorebi connected to named pipe: yasb-5673f3ef-4d08-11f1-b871-c89402c1d344
2026-05-11 15:16:49,278 [WARNING] [Dummy-4] [root/event_listener.py:95]: Pipe has been ended: (109, 'PeekNamedPipe', 'The pipe has been ended.')
2026-05-11 15:16:49,278 [INFO] [Dummy-4] [root/event_listener.py:107]: Attempting to reconnect to Komorebi...
2026-05-11 15:16:52,282 [INFO] [Dummy-4] [root/event_listener.py:54]: Created named pipe yasb-5673f3ef-4d08-11f1-b871-c89402c1d344
2026-05-11 15:16:52,404 [INFO] [Dummy-4] [root/event_listener.py:147]: Komorebi connected to named pipe: yasb-5673f3ef-4d08-11f1-b871-c89402c1d344
2026-05-11 15:19:23,286 [INFO] [MainThread] [root/api.py:69]: Fetching new weather data at 2026-05-11 15:19:23.286665
2026-05-11 15:23:59,193 [WARNING] [Dummy-4] [root/event_listener.py:95]: Pipe has been ended: (109, 'PeekNamedPipe', 'The pipe has been ended.')
2026-05-11 15:23:59,194 [INFO] [Dummy-4] [root/event_listener.py:107]: Attempting to reconnect to Komorebi...
2026-05-11 15:24:02,206 [INFO] [Dummy-4] [root/event_listener.py:54]: Created named pipe yasb-5673f3ef-4d08-11f1-b871-c89402c1d344
2026-05-11 15:24:02,352 [WARNING] [Dummy-4] [root/event_listener.py:134]: Komorebi failed to subscribe named pipe. Komorebi is not running, please start Komorebi.
2026-05-11 15:24:07,469 [INFO] [Dummy-4] [root/event_listener.py:147]: Komorebi connected to named pipe: yasb-5673f3ef-4d08-11f1-b871-c89402c1d344
2026-05-11 15:29:22,988 [INFO] [MainThread] [root/api.py:69]: Fetching new weather data at 2026-05-11 15:29:22.988264
2026-05-11 15:39:23,092 [INFO] [MainThread] [root/api.py:69]: Fetching new weather data at 2026-05-11 15:39:23.092473
2026-05-11 15:49:23,019 [INFO] [MainThread] [root/api.py:69]: Fetching new weather data at 2026-05-11 15:49:23.019271
2026-05-11 15:59:23,005 [INFO] [MainThread] [root/api.py:69]: Fetching new weather data at 2026-05-11 15:59:23.004992
2026-05-11 16:02:31,543 [INFO] [MainThread] [root/controller.py:43]: Exiting Application...
2026-05-11 16:02:31,649 [INFO] [MainThread] [cli_server/cli_server.py:114]: Log pipe server stopped
2026-05-11 16:02:32,521 [INFO] [MainThread] [root/bar_manager.py:118]: Stopping KomorebiEventListener...
2026-05-11 16:02:32,538 [INFO] [MainThread] [root/bar_manager.py:118]: Stopping SystemEventListener...
2026-05-11 16:02:32,869 [INFO] [MainThread] [taskbar_window_manager/window_manager.py:223]: TaskbarWindowManager stopped
2026-05-11 16:32:16,384 [INFO] [MainThread] [root/log.py:104]: YASB v2.0.0
2026-05-11 16:32:16,395 [INFO] [CLIPipeServer] [cli_server/cli_server.py:216]: CLI server started v1.1.7
2026-05-11 16:32:16,397 [INFO] [MainThread] [cli_server/cli_server.py:106]: Log pipe server started
2026-05-11 16:32:16,631 [WARNING] [MainThread] [deprecation/deprecation.py:133]: [DEPRECATED] BarAlignment: 'center' - Use 'align' instead.
2026-05-11 16:32:16,631 [WARNING] [MainThread] [deprecation/deprecation.py:133]: [DEPRECATED] BarBlurEffect: 'acrylic' - No longer supported and can be removed from the config.
2026-05-11 16:32:16,810 [WARNING] [MainThread] [deprecation/deprecation.py:133]: [DEPRECATED] KomorebiWorkspacesConfig: 'animation' - Use CSS animations instead.
2026-05-11 16:32:18,295 [INFO] [MainThread] [root/service.py:103]: UpdateCheckService initialized...
2026-05-11 16:32:18,467 [INFO] [MainThread] [root/service.py:52]: AudioOutputService starting...
2026-05-11 16:32:18,690 [INFO] [MainThread] [taskbar_window_manager/window_manager.py:196]: TaskbarWindowManager is starting...
2026-05-11 16:32:18,694 [INFO] [MainThread] [root/bar_manager.py:102]: Starting SystemEventListener...
2026-05-11 16:32:18,695 [INFO] [MainThread] [root/bar_manager.py:102]: Starting KomorebiEventListener...
2026-05-11 16:32:18,698 [INFO] [MainThread] [root/watcher.py:65]: Watching directory: c:\users\user\.config\yasb
2026-05-11 16:32:18,698 [INFO] [MainThread] [root/watcher.py:104]: Created file watcher
2026-05-11 16:32:18,698 [INFO] [Dummy-6] [root/event_listener.py:54]: Created named pipe yasb-ec27efc7-4d13-11f1-b14e-c89402c1d344
2026-05-11 16:32:18,771 [INFO] [MainThread] [root/update_service.py:434]: Background update checker started
2026-05-11 16:32:18,840 [INFO] [Dummy-6] [root/event_listener.py:147]: Komorebi connected to named pipe: yasb-ec27efc7-4d13-11f1-b14e-c89402c1d344
2026-05-11 16:32:19,221 [INFO] [MainThread] [root/api.py:69]: Fetching new weather data at 2026-05-11 16:32:19.221145
2026-05-11 16:33:00,978 [INFO] [MainThread] [root/controller.py:43]: Exiting Application...
2026-05-11 16:33:01,083 [INFO] [MainThread] [cli_server/cli_server.py:114]: Log pipe server stopped
2026-05-11 16:33:01,380 [INFO] [MainThread] [root/bar_manager.py:118]: Stopping SystemEventListener...
2026-05-11 16:33:01,386 [INFO] [MainThread] [root/bar_manager.py:118]: Stopping KomorebiEventListener...
2026-05-11 16:33:01,389 [INFO] [MainThread] [taskbar_window_manager/window_manager.py:223]: TaskbarWindowManager stopped
2026-05-11 16:34:54,544 [INFO] [MainThread] [root/log.py:104]: YASB v2.0.0
2026-05-11 16:34:54,546 [INFO] [CLIPipeServer] [cli_server/cli_server.py:216]: CLI server started v1.1.7
2026-05-11 16:34:54,547 [INFO] [MainThread] [cli_server/cli_server.py:106]: Log pipe server started
2026-05-11 16:34:54,714 [WARNING] [MainThread] [deprecation/deprecation.py:133]: [DEPRECATED] BarAlignment: 'center' - Use 'align' instead.
2026-05-11 16:34:54,715 [WARNING] [MainThread] [deprecation/deprecation.py:133]: [DEPRECATED] BarBlurEffect: 'acrylic' - No longer supported and can be removed from the config.
2026-05-11 16:34:54,835 [WARNING] [MainThread] [deprecation/deprecation.py:133]: [DEPRECATED] KomorebiWorkspacesConfig: 'animation' - Use CSS animations instead.
2026-05-11 16:34:56,062 [INFO] [MainThread] [root/service.py:103]: UpdateCheckService initialized...
2026-05-11 16:34:56,266 [INFO] [MainThread] [root/service.py:52]: AudioOutputService starting...
2026-05-11 16:34:56,463 [INFO] [MainThread] [taskbar_window_manager/window_manager.py:196]: TaskbarWindowManager is starting...
2026-05-11 16:34:56,473 [INFO] [MainThread] [root/bar_manager.py:102]: Starting SystemEventListener...
2026-05-11 16:34:56,474 [INFO] [MainThread] [root/bar_manager.py:102]: Starting KomorebiEventListener...
2026-05-11 16:34:56,476 [INFO] [MainThread] [root/watcher.py:65]: Watching directory: c:\users\user\.config\yasb
2026-05-11 16:34:56,477 [INFO] [MainThread] [root/watcher.py:104]: Created file watcher
2026-05-11 16:34:56,477 [INFO] [Dummy-6] [root/event_listener.py:54]: Created named pipe yasb-4a3324ea-4d14-11f1-9d44-c89402c1d344
2026-05-11 16:34:56,544 [INFO] [MainThread] [root/update_service.py:434]: Background update checker started
2026-05-11 16:34:56,637 [INFO] [Dummy-6] [root/event_listener.py:147]: Komorebi connected to named pipe: yasb-4a3324ea-4d14-11f1-9d44-c89402c1d344
2026-05-11 16:34:56,917 [INFO] [MainThread] [root/api.py:69]: Fetching new weather data at 2026-05-11 16:34:56.917308
2026-05-11 16:40:26,083 [INFO] [MainThread] [root/controller.py:43]: Exiting Application...
2026-05-11 16:40:26,198 [INFO] [MainThread] [cli_server/cli_server.py:114]: Log pipe server stopped
2026-05-11 16:40:26,670 [INFO] [MainThread] [root/bar_manager.py:118]: Stopping SystemEventListener...
2026-05-11 16:40:26,803 [INFO] [MainThread] [root/bar_manager.py:118]: Stopping KomorebiEventListener...
2026-05-11 16:40:26,808 [INFO] [MainThread] [taskbar_window_manager/window_manager.py:223]: TaskbarWindowManager stopped
2026-05-11 16:43:15,860 [INFO] [MainThread] [root/log.py:104]: YASB v2.0.0
2026-05-11 16:43:15,863 [INFO] [CLIPipeServer] [cli_server/cli_server.py:216]: CLI server started v1.1.7
2026-05-11 16:43:15,865 [INFO] [MainThread] [cli_server/cli_server.py:106]: Log pipe server started
2026-05-11 16:43:16,443 [WARNING] [MainThread] [deprecation/deprecation.py:133]: [DEPRECATED] BarAlignment: 'center' - Use 'align' instead.
2026-05-11 16:43:16,444 [WARNING] [MainThread] [deprecation/deprecation.py:133]: [DEPRECATED] BarBlurEffect: 'acrylic' - No longer supported and can be removed from the config.
2026-05-11 16:43:16,871 [WARNING] [MainThread] [deprecation/deprecation.py:133]: [DEPRECATED] KomorebiWorkspacesConfig: 'animation' - Use CSS animations instead.
2026-05-11 16:43:18,951 [INFO] [MainThread] [root/service.py:103]: UpdateCheckService initialized...
2026-05-11 16:43:19,549 [INFO] [MainThread] [root/service.py:52]: AudioOutputService starting...
2026-05-11 16:43:20,484 [INFO] [MainThread] [taskbar_window_manager/window_manager.py:196]: TaskbarWindowManager is starting...
2026-05-11 16:43:20,490 [INFO] [MainThread] [root/bar_manager.py:102]: Starting SystemEventListener...
2026-05-11 16:43:20,491 [INFO] [MainThread] [root/bar_manager.py:102]: Starting KomorebiEventListener...
2026-05-11 16:43:20,493 [INFO] [MainThread] [root/watcher.py:65]: Watching directory: c:\users\user\.config\yasb
2026-05-11 16:43:20,494 [INFO] [MainThread] [root/watcher.py:104]: Created file watcher
2026-05-11 16:43:20,494 [INFO] [Dummy-6] [root/event_listener.py:54]: Created named pipe yasb-769e0147-4d15-11f1-9e3d-c89402c1d344
2026-05-11 16:43:21,172 [INFO] [MainThread] [root/update_service.py:434]: Background update checker started
2026-05-11 16:43:21,174 [INFO] [Dummy-6] [root/event_listener.py:147]: Komorebi connected to named pipe: yasb-769e0147-4d15-11f1-9e3d-c89402c1d344
2026-05-11 16:43:21,588 [INFO] [MainThread] [root/api.py:69]: Fetching new weather data at 2026-05-11 16:43:21.588071
2026-05-11 16:49:42,123 [INFO] [MainThread] [root/controller.py:43]: Exiting Application...
2026-05-11 16:49:42,230 [INFO] [MainThread] [cli_server/cli_server.py:114]: Log pipe server stopped
2026-05-11 16:49:42,774 [INFO] [MainThread] [root/bar_manager.py:118]: Stopping SystemEventListener...
2026-05-11 16:49:42,956 [INFO] [MainThread] [root/bar_manager.py:118]: Stopping KomorebiEventListener...
2026-05-11 16:49:42,962 [INFO] [MainThread] [taskbar_window_manager/window_manager.py:223]: TaskbarWindowManager stopped
2026-05-11 16:55:34,411 [INFO] [MainThread] [root/log.py:104]: YASB v2.0.0
2026-05-11 16:55:34,414 [INFO] [CLIPipeServer] [cli_server/cli_server.py:216]: CLI server started v1.1.7
2026-05-11 16:55:34,414 [INFO] [MainThread] [cli_server/cli_server.py:106]: Log pipe server started
2026-05-11 16:55:34,776 [WARNING] [MainThread] [deprecation/deprecation.py:133]: [DEPRECATED] BarAlignment: 'center' - Use 'align' instead.
2026-05-11 16:55:34,776 [WARNING] [MainThread] [deprecation/deprecation.py:133]: [DEPRECATED] BarBlurEffect: 'acrylic' - No longer supported and can be removed from the config.
2026-05-11 16:55:35,123 [WARNING] [MainThread] [deprecation/deprecation.py:133]: [DEPRECATED] KomorebiWorkspacesConfig: 'animation' - Use CSS animations instead.
2026-05-11 16:55:36,840 [INFO] [MainThread] [root/service.py:103]: UpdateCheckService initialized...
2026-05-11 16:55:37,327 [INFO] [MainThread] [root/service.py:52]: AudioOutputService starting...
2026-05-11 16:55:38,060 [INFO] [MainThread] [taskbar_window_manager/window_manager.py:196]: TaskbarWindowManager is starting...
2026-05-11 16:55:38,066 [INFO] [MainThread] [root/bar_manager.py:102]: Starting SystemEventListener...
2026-05-11 16:55:38,066 [INFO] [MainThread] [root/bar_manager.py:102]: Starting KomorebiEventListener...
2026-05-11 16:55:38,069 [INFO] [Dummy-5] [root/event_listener.py:54]: Created named pipe yasb-2e3f249b-4d17-11f1-ae35-c89402c1d344
2026-05-11 16:55:38,070 [INFO] [MainThread] [root/watcher.py:65]: Watching directory: c:\users\user\.config\yasb
2026-05-11 16:55:38,070 [INFO] [MainThread] [root/watcher.py:104]: Created file watcher
2026-05-11 16:55:38,752 [INFO] [MainThread] [root/update_service.py:434]: Background update checker started
2026-05-11 16:55:38,753 [INFO] [Dummy-5] [root/event_listener.py:147]: Komorebi connected to named pipe: yasb-2e3f249b-4d17-11f1-ae35-c89402c1d344
2026-05-11 16:55:39,086 [INFO] [MainThread] [root/api.py:69]: Fetching new weather data at 2026-05-11 16:55:39.086339
2026-05-11 17:05:37,481 [INFO] [MainThread] [root/api.py:69]: Fetching new weather data at 2026-05-11 17:05:37.481128
2026-05-11 17:15:37,492 [INFO] [MainThread] [root/api.py:69]: Fetching new weather data at 2026-05-11 17:15:37.492053
2026-05-11 17:25:37,491 [INFO] [MainThread] [root/api.py:69]: Fetching new weather data at 2026-05-11 17:25:37.490970
2026-05-11 17:28:53,005 [WARNING] [MainThread] [deprecation/deprecation.py:133]: [DEPRECATED] BarAlignment: 'center' - Use 'align' instead.
2026-05-11 17:28:53,005 [WARNING] [MainThread] [deprecation/deprecation.py:133]: [DEPRECATED] BarBlurEffect: 'acrylic' - No longer supported and can be removed from the config.
2026-05-11 17:28:53,011 [INFO] [MainThread] [root/controller.py:21]: Reloading Application because of config change.
2026-05-11 17:28:53,117 [INFO] [MainThread] [cli_server/cli_server.py:114]: Log pipe server stopped
2026-05-11 17:28:53,135 [INFO] [MainThread] [root/bar_manager.py:92]: Successfully loaded updated config and re-initialised all bars.
2026-05-11 17:28:53,331 [INFO] [MainThread] [root/bar_manager.py:118]: Stopping SystemEventListener...
2026-05-11 17:28:53,340 [INFO] [MainThread] [root/bar_manager.py:118]: Stopping KomorebiEventListener...
2026-05-11 17:28:53,343 [INFO] [MainThread] [taskbar_window_manager/window_manager.py:223]: TaskbarWindowManager stopped
2026-05-11 17:28:54,836 [INFO] [MainThread] [root/log.py:104]: YASB v2.0.0
2026-05-11 17:28:54,837 [INFO] [CLIPipeServer] [cli_server/cli_server.py:216]: CLI server started v1.1.7
2026-05-11 17:28:54,838 [INFO] [MainThread] [cli_server/cli_server.py:106]: Log pipe server started
2026-05-11 17:28:54,930 [WARNING] [MainThread] [deprecation/deprecation.py:133]: [DEPRECATED] BarAlignment: 'center' - Use 'align' instead.
2026-05-11 17:28:54,931 [WARNING] [MainThread] [deprecation/deprecation.py:133]: [DEPRECATED] BarBlurEffect: 'acrylic' - No longer supported and can be removed from the config.
2026-05-11 17:28:55,032 [WARNING] [MainThread] [deprecation/deprecation.py:133]: [DEPRECATED] KomorebiWorkspacesConfig: 'animation' - Use CSS animations instead.
2026-05-11 17:28:56,437 [INFO] [MainThread] [root/service.py:103]: UpdateCheckService initialized...
2026-05-11 17:28:56,632 [INFO] [MainThread] [root/service.py:52]: AudioOutputService starting...
2026-05-11 17:28:57,554 [INFO] [MainThread] [taskbar_window_manager/window_manager.py:196]: TaskbarWindowManager is starting...
2026-05-11 17:28:57,561 [INFO] [MainThread] [root/bar_manager.py:102]: Starting KomorebiEventListener...
2026-05-11 17:28:57,561 [INFO] [MainThread] [root/bar_manager.py:102]: Starting SystemEventListener...
2026-05-11 17:28:57,564 [INFO] [MainThread] [root/watcher.py:65]: Watching directory: c:\users\user\.config\yasb
2026-05-11 17:28:57,565 [INFO] [MainThread] [root/watcher.py:104]: Created file watcher
2026-05-11 17:28:57,565 [INFO] [Dummy-6] [root/event_listener.py:54]: Created named pipe yasb-d609c4de-4d1b-11f1-b3bc-c89402c1d344
2026-05-11 17:28:57,618 [INFO] [MainThread] [root/update_service.py:434]: Background update checker started
2026-05-11 17:28:57,777 [INFO] [Dummy-6] [root/event_listener.py:147]: Komorebi connected to named pipe: yasb-d609c4de-4d1b-11f1-b3bc-c89402c1d344
2026-05-11 17:28:57,998 [INFO] [MainThread] [root/api.py:69]: Fetching new weather data at 2026-05-11 17:28:57.998061
2026-05-11 17:31:45,801 [WARNING] [MainThread] [deprecation/deprecation.py:133]: [DEPRECATED] BarAlignment: 'center' - Use 'align' instead.
2026-05-11 17:31:45,801 [WARNING] [MainThread] [deprecation/deprecation.py:133]: [DEPRECATED] BarBlurEffect: 'acrylic' - No longer supported and can be removed from the config.
2026-05-11 17:31:45,803 [INFO] [MainThread] [root/controller.py:21]: Reloading Application because of config change.
2026-05-11 17:31:45,906 [INFO] [MainThread] [cli_server/cli_server.py:114]: Log pipe server stopped
2026-05-11 17:31:45,916 [INFO] [MainThread] [root/bar_manager.py:92]: Successfully loaded updated config and re-initialised all bars.
2026-05-11 17:31:46,143 [INFO] [MainThread] [root/bar_manager.py:118]: Stopping KomorebiEventListener...
2026-05-11 17:31:46,152 [INFO] [MainThread] [root/bar_manager.py:118]: Stopping SystemEventListener...
2026-05-11 17:31:46,435 [INFO] [MainThread] [taskbar_window_manager/window_manager.py:223]: TaskbarWindowManager stopped
2026-05-11 17:31:47,717 [INFO] [MainThread] [root/log.py:104]: YASB v2.0.0
2026-05-11 17:31:47,719 [INFO] [CLIPipeServer] [cli_server/cli_server.py:216]: CLI server started v1.1.7
2026-05-11 17:31:47,720 [INFO] [MainThread] [cli_server/cli_server.py:106]: Log pipe server started
2026-05-11 17:31:47,811 [WARNING] [MainThread] [deprecation/deprecation.py:133]: [DEPRECATED] BarAlignment: 'center' - Use 'align' instead.
2026-05-11 17:31:47,812 [WARNING] [MainThread] [deprecation/deprecation.py:133]: [DEPRECATED] BarBlurEffect: 'acrylic' - No longer supported and can be removed from the config.
2026-05-11 17:31:47,913 [WARNING] [MainThread] [deprecation/deprecation.py:133]: [DEPRECATED] KomorebiWorkspacesConfig: 'animation' - Use CSS animations instead.
2026-05-11 17:31:48,860 [INFO] [MainThread] [root/service.py:103]: UpdateCheckService initialized...
2026-05-11 17:31:49,037 [INFO] [MainThread] [root/service.py:52]: AudioOutputService starting...
2026-05-11 17:31:49,808 [INFO] [MainThread] [taskbar_window_manager/window_manager.py:196]: TaskbarWindowManager is starting...
2026-05-11 17:31:49,820 [INFO] [MainThread] [root/bar_manager.py:102]: Starting KomorebiEventListener...
2026-05-11 17:31:49,851 [INFO] [MainThread] [root/bar_manager.py:102]: Starting SystemEventListener...
2026-05-11 17:31:49,853 [INFO] [MainThread] [root/watcher.py:65]: Watching directory: c:\users\user\.config\yasb
2026-05-11 17:31:49,854 [INFO] [MainThread] [root/watcher.py:104]: Created file watcher
2026-05-11 17:31:49,855 [INFO] [Dummy-6] [root/event_listener.py:54]: Created named pipe yasb-3cbb0e3f-4d1c-11f1-8cf0-c89402c1d344
2026-05-11 17:31:49,922 [INFO] [MainThread] [root/update_service.py:434]: Background update checker started
2026-05-11 17:31:50,102 [INFO] [Dummy-6] [root/event_listener.py:147]: Komorebi connected to named pipe: yasb-3cbb0e3f-4d1c-11f1-8cf0-c89402c1d344
2026-05-11 17:31:50,161 [INFO] [MainThread] [root/api.py:69]: Fetching new weather data at 2026-05-11 17:31:50.160893
2026-05-11 17:32:06,024 [WARNING] [MainThread] [deprecation/deprecation.py:133]: [DEPRECATED] BarAlignment: 'center' - Use 'align' instead.
2026-05-11 17:32:06,025 [WARNING] [MainThread] [deprecation/deprecation.py:133]: [DEPRECATED] BarBlurEffect: 'acrylic' - No longer supported and can be removed from the config.
2026-05-11 17:32:06,027 [INFO] [MainThread] [root/controller.py:21]: Reloading Application because of config change.
2026-05-11 17:32:06,131 [INFO] [MainThread] [cli_server/cli_server.py:114]: Log pipe server stopped
2026-05-11 17:32:06,140 [INFO] [MainThread] [root/bar_manager.py:92]: Successfully loaded updated config and re-initialised all bars.
2026-05-11 17:32:06,392 [INFO] [MainThread] [root/bar_manager.py:118]: Stopping KomorebiEventListener...
2026-05-11 17:32:06,404 [INFO] [MainThread] [root/bar_manager.py:118]: Stopping SystemEventListener...
2026-05-11 17:32:06,879 [INFO] [MainThread] [taskbar_window_manager/window_manager.py:223]: TaskbarWindowManager stopped
2026-05-11 17:32:07,891 [INFO] [MainThread] [root/log.py:104]: YASB v2.0.0
2026-05-11 17:32:07,892 [INFO] [CLIPipeServer] [cli_server/cli_server.py:216]: CLI server started v1.1.7
2026-05-11 17:32:07,893 [INFO] [MainThread] [cli_server/cli_server.py:106]: Log pipe server started
2026-05-11 17:32:07,980 [WARNING] [MainThread] [deprecation/deprecation.py:133]: [DEPRECATED] BarAlignment: 'center' - Use 'align' instead.
2026-05-11 17:32:07,981 [WARNING] [MainThread] [deprecation/deprecation.py:133]: [DEPRECATED] BarBlurEffect: 'acrylic' - No longer supported and can be removed from the config.
2026-05-11 17:32:08,064 [WARNING] [MainThread] [deprecation/deprecation.py:133]: [DEPRECATED] KomorebiWorkspacesConfig: 'animation' - Use CSS animations instead.
2026-05-11 17:32:09,056 [INFO] [MainThread] [root/service.py:103]: UpdateCheckService initialized...
2026-05-11 17:32:09,233 [INFO] [MainThread] [root/service.py:52]: AudioOutputService starting...
2026-05-11 17:32:10,513 [INFO] [MainThread] [taskbar_window_manager/window_manager.py:196]: TaskbarWindowManager is starting...
2026-05-11 17:32:10,519 [INFO] [MainThread] [root/bar_manager.py:102]: Starting KomorebiEventListener...
2026-05-11 17:32:10,520 [INFO] [MainThread] [root/bar_manager.py:102]: Starting SystemEventListener...
2026-05-11 17:32:10,522 [INFO] [Dummy-5] [root/event_listener.py:54]: Created named pipe yasb-490ceeb0-4d1c-11f1-b8a8-c89402c1d344
2026-05-11 17:32:10,524 [INFO] [MainThread] [root/watcher.py:65]: Watching directory: c:\users\user\.config\yasb
2026-05-11 17:32:10,525 [INFO] [MainThread] [root/watcher.py:104]: Created file watcher
2026-05-11 17:32:10,567 [INFO] [MainThread] [root/update_service.py:434]: Background update checker started
2026-05-11 17:32:10,734 [INFO] [Dummy-5] [root/event_listener.py:147]: Komorebi connected to named pipe: yasb-490ceeb0-4d1c-11f1-b8a8-c89402c1d344
2026-05-11 17:32:10,938 [INFO] [MainThread] [root/api.py:69]: Fetching new weather data at 2026-05-11 17:32:10.938844
2026-05-11 17:32:33,390 [WARNING] [MainThread] [deprecation/deprecation.py:133]: [DEPRECATED] BarAlignment: 'center' - Use 'align' instead.
2026-05-11 17:32:33,391 [WARNING] [MainThread] [deprecation/deprecation.py:133]: [DEPRECATED] BarBlurEffect: 'acrylic' - No longer supported and can be removed from the config.
2026-05-11 17:32:33,392 [INFO] [MainThread] [root/controller.py:21]: Reloading Application because of config change.
2026-05-11 17:32:33,493 [INFO] [MainThread] [cli_server/cli_server.py:114]: Log pipe server stopped
2026-05-11 17:32:33,502 [INFO] [MainThread] [root/bar_manager.py:92]: Successfully loaded updated config and re-initialised all bars.
2026-05-11 17:32:33,804 [INFO] [MainThread] [root/bar_manager.py:118]: Stopping KomorebiEventListener...
2026-05-11 17:32:33,841 [INFO] [MainThread] [root/bar_manager.py:118]: Stopping SystemEventListener...
2026-05-11 17:32:34,303 [INFO] [MainThread] [taskbar_window_manager/window_manager.py:223]: TaskbarWindowManager stopped
2026-05-11 17:32:35,016 [INFO] [MainThread] [root/log.py:104]: YASB v2.0.0
2026-05-11 17:32:35,017 [INFO] [CLIPipeServer] [cli_server/cli_server.py:216]: CLI server started v1.1.7
2026-05-11 17:32:35,017 [INFO] [MainThread] [cli_server/cli_server.py:106]: Log pipe server started
2026-05-11 17:32:35,096 [WARNING] [MainThread] [deprecation/deprecation.py:133]: [DEPRECATED] BarAlignment: 'center' - Use 'align' instead.
2026-05-11 17:32:35,096 [WARNING] [MainThread] [deprecation/deprecation.py:133]: [DEPRECATED] BarBlurEffect: 'acrylic' - No longer supported and can be removed from the config.
2026-05-11 17:32:35,179 [WARNING] [MainThread] [deprecation/deprecation.py:133]: [DEPRECATED] KomorebiWorkspacesConfig: 'animation' - Use CSS animations instead.
2026-05-11 17:32:36,139 [INFO] [MainThread] [root/service.py:103]: UpdateCheckService initialized...
2026-05-11 17:32:36,314 [INFO] [MainThread] [root/service.py:52]: AudioOutputService starting...
2026-05-11 17:32:37,191 [INFO] [MainThread] [taskbar_window_manager/window_manager.py:196]: TaskbarWindowManager is starting...
2026-05-11 17:32:37,198 [INFO] [MainThread] [root/bar_manager.py:102]: Starting KomorebiEventListener...
2026-05-11 17:32:37,199 [INFO] [MainThread] [root/bar_manager.py:102]: Starting SystemEventListener...
2026-05-11 17:32:37,203 [INFO] [Dummy-5] [root/event_listener.py:54]: Created named pipe yasb-58f3d62d-4d1c-11f1-9eeb-c89402c1d344
2026-05-11 17:32:37,204 [INFO] [MainThread] [root/watcher.py:65]: Watching directory: c:\users\user\.config\yasb
2026-05-11 17:32:37,204 [INFO] [MainThread] [root/watcher.py:104]: Created file watcher
2026-05-11 17:32:37,237 [INFO] [MainThread] [root/update_service.py:434]: Background update checker started
2026-05-11 17:32:37,393 [INFO] [Dummy-5] [root/event_listener.py:147]: Komorebi connected to named pipe: yasb-58f3d62d-4d1c-11f1-9eeb-c89402c1d344
2026-05-11 17:32:37,458 [INFO] [MainThread] [root/api.py:69]: Fetching new weather data at 2026-05-11 17:32:37.458487
2026-05-11 17:42:36,598 [INFO] [MainThread] [root/api.py:69]: Fetching new weather data at 2026-05-11 17:42:36.598078
2026-05-11 17:52:36,611 [INFO] [MainThread] [root/api.py:69]: Fetching new weather data at 2026-05-11 17:52:36.611310
2026-05-11 18:40:29,926 [ERROR] [MainThread] [root/api.py:84]: No internet connection or host not found. Unable to fetch weather.
2026-05-11 18:40:29,926 [WARNING] [MainThread] [root/weather.py:591]: Error processing weather data: Weather data is empty.. Retrying fetch in 10 seconds.
2026-05-11 18:40:40,170 [INFO] [MainThread] [root/api.py:69]: Fetching new weather data at 2026-05-11 18:40:40.170576
2026-05-11 18:45:47,426 [WARNING] [MainThread] [deprecation/deprecation.py:133]: [DEPRECATED] BarAlignment: 'center' - Use 'align' instead.
2026-05-11 18:45:47,427 [WARNING] [MainThread] [deprecation/deprecation.py:133]: [DEPRECATED] BarBlurEffect: 'acrylic' - No longer supported and can be removed from the config.
2026-05-11 18:45:47,435 [INFO] [MainThread] [root/controller.py:21]: Reloading Application because of config change.
2026-05-11 18:45:47,542 [INFO] [MainThread] [cli_server/cli_server.py:114]: Log pipe server stopped
2026-05-11 18:45:47,557 [INFO] [MainThread] [root/bar_manager.py:92]: Successfully loaded updated config and re-initialised all bars.
2026-05-11 18:45:47,840 [INFO] [MainThread] [root/bar_manager.py:118]: Stopping KomorebiEventListener...
2026-05-11 18:45:47,861 [INFO] [MainThread] [root/bar_manager.py:118]: Stopping SystemEventListener...
2026-05-11 18:45:48,233 [INFO] [MainThread] [taskbar_window_manager/window_manager.py:223]: TaskbarWindowManager stopped
2026-05-11 18:45:49,265 [INFO] [MainThread] [root/log.py:104]: YASB v2.0.0
2026-05-11 18:45:49,266 [INFO] [CLIPipeServer] [cli_server/cli_server.py:216]: CLI server started v1.1.7
2026-05-11 18:45:49,267 [INFO] [MainThread] [cli_server/cli_server.py:106]: Log pipe server started
2026-05-11 18:45:49,351 [WARNING] [MainThread] [deprecation/deprecation.py:133]: [DEPRECATED] BarAlignment: 'center' - Use 'align' instead.
2026-05-11 18:45:49,351 [WARNING] [MainThread] [deprecation/deprecation.py:133]: [DEPRECATED] BarBlurEffect: 'acrylic' - No longer supported and can be removed from the config.
2026-05-11 18:45:49,443 [WARNING] [MainThread] [deprecation/deprecation.py:133]: [DEPRECATED] KomorebiWorkspacesConfig: 'animation' - Use CSS animations instead.
2026-05-11 18:45:50,926 [INFO] [MainThread] [root/service.py:103]: UpdateCheckService initialized...
2026-05-11 18:45:51,295 [INFO] [MainThread] [root/service.py:52]: AudioOutputService starting...
2026-05-11 18:45:52,202 [INFO] [MainThread] [taskbar_window_manager/window_manager.py:196]: TaskbarWindowManager is starting...
2026-05-11 18:45:52,207 [INFO] [MainThread] [root/bar_manager.py:102]: Starting SystemEventListener...
2026-05-11 18:45:52,208 [INFO] [MainThread] [root/bar_manager.py:102]: Starting KomorebiEventListener...
2026-05-11 18:45:52,210 [INFO] [Dummy-5] [root/event_listener.py:54]: Created named pipe yasb-9494fd25-4d26-11f1-a5a7-c89402c1d344
2026-05-11 18:45:52,211 [INFO] [MainThread] [root/watcher.py:65]: Watching directory: c:\users\user\.config\yasb
2026-05-11 18:45:52,212 [INFO] [MainThread] [root/watcher.py:104]: Created file watcher
2026-05-11 18:45:52,267 [INFO] [MainThread] [root/update_service.py:434]: Background update checker started
2026-05-11 18:45:52,449 [INFO] [Dummy-5] [root/event_listener.py:147]: Komorebi connected to named pipe: yasb-9494fd25-4d26-11f1-a5a7-c89402c1d344
2026-05-11 18:45:52,674 [INFO] [MainThread] [root/api.py:69]: Fetching new weather data at 2026-05-11 18:45:52.674020
2026-05-11 18:49:51,256 [WARNING] [MainThread] [deprecation/deprecation.py:133]: [DEPRECATED] BarAlignment: 'center' - Use 'align' instead.
2026-05-11 18:49:51,256 [WARNING] [MainThread] [deprecation/deprecation.py:133]: [DEPRECATED] BarBlurEffect: 'acrylic' - No longer supported and can be removed from the config.
2026-05-11 18:49:51,257 [INFO] [MainThread] [root/controller.py:21]: Reloading Application because of config change.
2026-05-11 18:49:51,364 [INFO] [MainThread] [cli_server/cli_server.py:114]: Log pipe server stopped
2026-05-11 18:49:51,374 [INFO] [MainThread] [root/bar_manager.py:92]: Successfully loaded updated config and re-initialised all bars.
2026-05-11 18:49:51,628 [INFO] [MainThread] [root/bar_manager.py:118]: Stopping SystemEventListener...
2026-05-11 18:49:52,227 [INFO] [MainThread] [root/bar_manager.py:118]: Stopping KomorebiEventListener...
2026-05-11 18:49:52,231 [INFO] [MainThread] [taskbar_window_manager/window_manager.py:223]: TaskbarWindowManager stopped
